2024-09-27 18:24:24, 16300.35, 98.79, 138516889, 165, 207, 1987
2024-09-27 18:24:28, 96476.95, 97.55, 225338982, 989, 82, 2720
2024-09-27 18:24:33, 41891.78, 40.99, 473327206, 1022, 286, 3358
2024-09-27 18:24:38, 120767.39, 101.23, 474585497, 1193, 41, 2921
2024-09-27 18:24:42, 84726.24, 53.22, 475843788, 1592, 0, 3230
2024-09-27 18:24:47, 129627.4, 74.2, 566860185, 1747, 81, 3744
2024-09-27 18:24:52, 132.48, 0.23, 566231040, 576, 246, 2596
2024-09-27 18:24:56, 102.03, 0.19, 567174758, 537, 82, 2232
2024-09-27 18:25:01, 144.5, 0.25, 567174758, 578, 41, 2194
2024-09-27 18:25:06, 53.82, 0.26, 567069900, 207, 124, 2028
2024-09-27 18:25:10, 10.74, 0.02, 567069900, 537, 124, 2273
2024-09-27 18:25:15, 45.88, 0.37, 567489331, 124, 82, 1783
2024-09-27 18:25:20, 41.25, 0.25, 566440755, 165, 124, 1949
2024-09-27 18:25:24, 99.2, 0.16, 569271910, 620, 0, 2356
2024-09-27 18:25:29, 134.5, 0.25, 568852480, 538, 0, 2111
2024-09-27 18:25:34, 144.5, 0.25, 568957337, 578, 82, 2153
2024-09-27 18:25:38, 160.68, 0.26, 569481625, 618, 247, 2559
2024-09-27 18:25:43, 198.69, 0.37, 569901056, 537, 41, 2232
2024-09-27 18:25:48, 34.65, 0.21, 571473920, 165, 41, 1783
2024-09-27 18:25:52, 144.25, 0.25, 570635059, 577, 288, 2720
2024-09-27 18:25:57, 32.22, 0.06, 569167052, 537, 82, 2194
2024-09-27 18:26:02, 123.51, 0.23, 569586483, 537, 82, 2191
2024-09-27 18:26:06, 145.42, 0.22, 571683635, 661, 0, 2232
2024-09-27 18:26:11, 144.99, 0.27, 571788492, 537, 41, 2149
2024-09-27 18:26:16, 150.28, 0.26, 569796198, 578, 82, 2191
2024-09-27 18:26:20, 138.48, 0.24, 571788492, 577, 206, 2559
2024-09-27 18:26:25, 26.85, 0.05, 571893350, 537, 82, 2232
2024-09-27 18:26:30, 187.95, 0.35, 570005913, 537, 41, 2191
2024-09-27 18:26:34, 28.52, 0.23, 598736896, 124, 41, 1783
2024-09-27 18:26:39, 303170.4, 102.7, 606076928, 2952, 121, 4820
2024-09-27 18:26:44, 134.25, 0.25, 670040064, 537, 82, 2191
2024-09-27 18:26:48, 104688.15, 62.65, 676331520, 1671, 81, 3389
2024-09-27 18:26:53, 242.1, 0.45, 675807232, 538, 0, 2070
2024-09-27 18:26:58, 406648.44, 141.64, 698875904, 2871, 202, 4942
2024-09-27 18:27:02, 155.73, 0.29, 730018611, 537, 41, 2194
2024-09-27 18:27:07, 95388.96, 62.88, 807718092, 1517, 82, 3204
2024-09-27 18:27:12, 45.54, 0.22, 731906048, 207, 248, 2273
2024-09-27 18:27:17, 203842.44, 65.46, 757281587, 3114, 0, 5015
2024-09-27 18:27:21, 28.8, 0.05, 753716428, 576, 288, 2592
2024-09-27 18:27:26, 126803.6, 100.24, 873883238, 1265, 285, 3791
2024-09-27 18:27:31, 47291.68, 28.96, 1187558457, 1633, 81, 3721
2024-09-27 18:27:35, 109.82, 0.19, 1190779682, 578, 41, 2194
2024-09-27 18:27:40, 236.08, 0.26, 1190779682, 908, 0, 2435
2024-09-27 18:27:45, 31.0, 0.25, 1190779682, 124, 41, 1783
2024-09-27 18:27:49, 167.33, 0.29, 1191853424, 577, 247, 2600
2024-09-27 18:27:54, 161.1, 0.3, 1190779682, 537, 41, 2149
2024-09-27 18:27:59, 118.14, 0.22, 1190779682, 537, 41, 2191
2024-09-27 18:28:03, 224.4, 0.34, 1192927166, 660, 165, 2518
2024-09-27 18:28:08, 210.46, 0.34, 1191853424, 619, 165, 2476
2024-09-27 18:28:13, 33.48, 0.27, 1190779682, 124, 41, 1783
2024-09-27 18:28:18, 150.02, 0.26, 1192927166, 577, 41, 2187
2024-09-27 18:28:22, 198.69, 0.37, 1190779682, 537, 41, 2194
2024-09-27 18:28:27, 134.0, 0.25, 1189705940, 536, 165, 2315
2024-09-27 18:28:32, 32.24, 0.26, 1190779682, 124, 82, 1783
2024-09-27 18:28:36, 127.16, 0.22, 1190779682, 578, 82, 2232
2024-09-27 18:28:41, 139.62, 0.26, 1190779682, 537, 41, 2153
2024-09-27 18:28:46, 144.75, 0.25, 1192927166, 579, 0, 2070
2024-09-27 18:28:50, 93.15, 0.45, 1190779682, 207, 82, 1866
2024-09-27 18:28:55, 134.0, 0.25, 1190779682, 536, 206, 2394
2024-09-27 18:29:00, 155.73, 0.29, 1192927166, 537, 41, 2153
2024-09-27 18:29:04, 55219.71, 102.83, 1190779682, 537, 82, 2273
2024-09-27 18:29:09, 1193534.1, 388.9, 1190779682, 3069, 242, 5056
2024-09-27 18:29:14, 1179879.86, 374.09, 1189705940, 3154, 81, 4901
2024-09-27 18:29:18, 1128626.44, 372.73, 1191853424, 3028, 242, 5096
2024-09-27 18:29:23, 1156992.12, 376.38, 1189705940, 3074, 80, 4732
2024-09-27 18:29:28, 1058870.84, 375.22, 1190779682, 2822, 282, 5096
2024-09-27 18:29:32, 1231161.3, 385.34, 1192927166, 3195, 81, 4861
2024-09-27 18:29:37, 1207567.8, 373.86, 1190779682, 3230, 40, 4942
2024-09-27 18:29:42, 1202502.24, 386.16, 1189705940, 3114, 81, 4828
2024-09-27 18:29:46, 1182288.14, 379.06, 1189705940, 3119, 81, 4901
2024-09-27 18:29:51, 1205110.58, 387.62, 1190779682, 3109, 282, 5249
2024-09-27 18:29:56, 1156072.5, 371.25, 1191853424, 3114, 80, 4942
2024-09-27 18:30:00, 939291.44, 305.56, 1191853424, 3074, 81, 4901
2024-09-27 18:30:05, 1217917.1, 386.15, 1191853424, 3154, 81, 4820
2024-09-27 18:30:10, 1220674.4, 374.44, 1190779682, 3260, 282, 5330
2024-09-27 18:30:14, 1181305.62, 383.79, 1190779682, 3078, 0, 4747
2024-09-27 18:30:19, 1189710.5, 372.95, 1190779682, 3190, 80, 5015
2024-09-27 18:30:24, 1282846.95, 387.45, 1191853424, 3311, 80, 4942
2024-09-27 18:30:28, 1213123.02, 384.63, 1191853424, 3154, 81, 4861
2024-09-27 18:30:33, 1172071.62, 380.79, 1190779682, 3078, 0, 4820
2024-09-27 18:30:38, 1226957.55, 385.23, 1192927166, 3185, 242, 5088
2024-09-27 18:30:42, 1188395.66, 376.79, 1194000908, 3154, 81, 4861
2024-09-27 18:30:47, 1193296.06, 388.19, 1192927166, 3074, 80, 4901
2024-09-27 18:30:52, 1134024.64, 373.28, 1191853424, 3038, 0, 4787
2024-09-27 18:30:56, 1189215.7, 377.05, 1192927166, 3154, 0, 4787
2024-09-27 18:31:01, 1159635.76, 377.24, 1192927166, 3074, 81, 4861
2024-09-27 18:31:06, 1154154.07, 371.23, 1191853424, 3109, 282, 5096
2024-09-27 18:31:10, 1117881.27, 389.37, 1192927166, 2871, 81, 4942
2024-09-27 18:31:15, 1185620.14, 375.91, 963955916, 3154, 0, 4820
2024-09-27 18:31:20, 1268035.86, 387.66, 983249715, 3271, 80, 5056
2024-09-27 18:31:24, 1187544.73, 381.97, 985032294, 3109, 80, 4942
2024-09-27 18:31:29, 1272288.16, 388.96, 979265126, 3271, 40, 5096
2024-09-27 18:31:34, 1138025.54, 370.21, 983354572, 3074, 81, 4942
2024-09-27 18:31:38, 1178712.88, 373.72, 980628275, 3154, 40, 4787
2024-09-27 18:31:43, 1150751.8, 390.35, 983564288, 2948, 282, 5048
2024-09-27 18:31:48, 1167110.01, 380.29, 982830284, 3069, 362, 5290
2024-09-27 18:31:53, 1204432.92, 386.78, 979265126, 3114, 81, 4861
2024-09-27 18:31:57, 1225314.45, 383.51, 980837990, 3195, 80, 4942
2024-09-27 18:32:02, 1211232.46, 388.34, 981362278, 3119, 0, 4592
2024-09-27 18:32:07, 1197952.28, 379.82, 981257420, 3154, 121, 4901
2024-09-27 18:32:11, 1202471.1, 386.15, 983354572, 3114, 81, 4942
2024-09-27 18:32:16, 1157786.08, 382.36, 982830284, 3028, 80, 4901
2024-09-27 18:32:21, 1191297.96, 387.54, 983354572, 3074, 0, 4901
2024-09-27 18:32:25, 1197848.11, 380.39, 981362278, 3149, 161, 5217
2024-09-27 18:32:30, 1212758.1, 379.58, 981257420, 3195, 80, 4982
2024-09-27 18:32:35, 1237639.1, 383.17, 985451724, 3230, 161, 5056
2024-09-27 18:32:39, 1211577.56, 384.14, 981257420, 3154, 80, 4982
2024-09-27 18:32:44, 1235857.95, 386.81, 983249715, 3195, 0, 4780
2024-09-27 18:32:49, 1230531.0, 381.56, 981362278, 3225, 80, 5056
2024-09-27 18:32:53, 1220092.08, 388.07, 981257420, 3144, 201, 5136
2024-09-27 18:32:58, 1183223.1, 375.15, 984927436, 3154, 80, 5015
2024-09-27 18:33:03, 1227391.2, 384.16, 980942848, 3195, 80, 4942
2024-09-27 18:33:07, 213097.04, 368.68, 983354572, 578, 0, 2191
2024-09-27 18:33:12, 1257289.52, 371.32, 983354572, 3386, 80, 5136
2024-09-27 18:33:17, 1114972.2, 373.15, 981571993, 2988, 80, 5015
2024-09-27 18:33:21, 1208265.86, 383.09, 978845696, 3154, 81, 4982
2024-09-27 18:33:26, 1181015.3, 374.45, 983669145, 3154, 0, 4942
2024-09-27 18:33:31, 1204134.72, 387.93, 980837990, 3104, 362, 5402
2024-09-27 18:33:35, 1201767.0, 373.8, 985556582, 3215, 362, 5394
2024-09-27 18:33:40, 1035584.36, 328.34, 981047705, 3154, 80, 4975
2024-09-27 18:33:45, 1306412.24, 390.44, 979474841, 3346, 80, 5096
2024-09-27 18:33:49, 1204743.0, 378.85, 981047705, 3180, 362, 5402
2024-09-27 18:33:54, 1219557.6, 387.9, 985242009, 3144, 121, 5096
2024-09-27 18:33:59, 1198165.15, 376.19, 979055411, 3185, 362, 5483
2024-09-27 18:34:03, 1222854.6, 383.34, 979055411, 3190, 80, 5136
2024-09-27 18:34:08, 1187773.02, 381.43, 981571993, 3114, 0, 4942
2024-09-27 18:34:13, 1232053.55, 386.83, 985766297, 3185, 80, 5249
2024-09-27 18:34:17, 1120756.32, 379.66, 984088576, 2952, 80, 4691
2024-09-27 18:34:22, 1256993.61, 375.11, 986710016, 3351, 80, 5096
2024-09-27 18:34:27, 1261605.7, 390.59, 982201139, 3230, 80, 5056
2024-09-27 18:34:31, 1138440.42, 379.86, 984822579, 2997, 0, 4901
2024-09-27 18:34:36, 1250656.0, 387.2, 986290585, 3230, 121, 5015
2024-09-27 18:36:53, 202327.51, 97.79, 139355750, 2069, 365, 4429
2024-09-27 18:36:58, 125015.56, 98.36, 228170137, 1271, 82, 3163
2024-09-27 18:37:02, 14890.54, 45.26, 357249843, 329, 329, 2431
2024-09-27 18:37:07, 118957.08, 99.88, 478989516, 1191, 82, 2999
2024-09-27 18:37:12, 76001.43, 47.89, 481715814, 1587, 122, 3663
2024-09-27 18:37:16, 103268.4, 56.4, 480038092, 1831, 81, 3546
2024-09-27 18:37:21, 72569.24, 46.94, 571578777, 1546, 40, 3628
2024-09-27 18:37:26, 43.26, 0.21, 571264204, 206, 330, 2356
2024-09-27 18:37:30, 161.56, 0.28, 573675929, 577, 165, 2435
2024-09-27 18:37:35, 112.77, 0.21, 571369062, 537, 124, 2273
2024-09-27 18:37:40, 115.6, 0.2, 571683635, 578, 82, 2315
2024-09-27 18:37:44, 37.95, 0.23, 574095360, 165, 82, 1866
2024-09-27 18:37:49, 127.16, 0.22, 573675929, 578, 0, 2153
2024-09-27 18:37:54, 33.0, 0.2, 574305075, 165, 82, 1866
2024-09-27 18:37:58, 52.8, 0.32, 574095360, 165, 82, 1866
2024-09-27 18:38:03, 26.85, 0.05, 574829363, 537, 82, 2191
2024-09-27 18:38:08, 190.74, 0.33, 574934220, 578, 0, 2191
2024-09-27 18:38:12, 132.71, 0.23, 574514790, 577, 288, 2637
2024-09-27 18:38:17, 156.06, 0.27, 574095360, 578, 82, 2273
2024-09-27 18:38:22, 150.28, 0.26, 573675929, 578, 82, 2273
2024-09-27 18:38:26, 161.84, 0.28, 575458508, 578, 82, 2273
2024-09-27 18:38:31, 309.0, 0.5, 575143936, 618, 288, 2679
2024-09-27 18:38:36, 121.38, 0.21, 574619648, 578, 82, 2273
2024-09-27 18:38:40, 30.9, 0.05, 573256499, 618, 288, 2839
2024-09-27 18:38:45, 260.1, 0.45, 574514790, 578, 82, 2273
2024-09-27 18:38:50, 47.85, 0.29, 575353651, 165, 82, 1824
2024-09-27 18:38:54, 171.86, 0.26, 576087654, 661, 82, 2476
2024-09-27 18:38:59, 42.88, 0.08, 577555660, 536, 123, 2315
2024-09-27 18:39:04, 161.84, 0.28, 576716800, 578, 82, 2273
2024-09-27 18:39:08, 244.2, 0.37, 576821657, 660, 82, 2315
2024-09-27 18:39:13, 46.24, 0.08, 576716800, 578, 82, 2232
2024-09-27 18:39:18, 248.11, 0.43, 578813952, 577, 206, 2394
2024-09-27 18:39:22, 138.72, 0.24, 576716800, 578, 82, 2232
2024-09-27 18:39:27, 102.03, 0.19, 574934220, 537, 82, 2232
2024-09-27 18:39:32, 144.99, 0.27, 581120819, 537, 41, 2232
2024-09-27 18:39:36, 161.1, 0.3, 579128524, 537, 0, 2153
2024-09-27 18:39:41, 230.91, 0.43, 577031372, 537, 82, 2191
2024-09-27 18:39:46, 44.55, 0.27, 581330534, 165, 41, 1824
2024-09-27 18:39:50, 155.73, 0.29, 579233382, 537, 82, 2232
2024-09-27 18:39:55, 67.65, 0.41, 577241088, 165, 248, 2070
2024-09-27 18:40:00, 190.41, 0.33, 577241088, 577, 247, 2637
2024-09-27 18:40:04, 41.25, 0.25, 578709094, 165, 82, 1866
2024-09-27 18:40:09, 52.8, 0.32, 579233382, 165, 82, 1824
2024-09-27 18:40:14, 54.45, 0.33, 577345945, 165, 41, 1824
2024-09-27 18:40:18, 24.8, 0.2, 579233382, 124, 82, 1824
2024-09-27 18:40:23, 230.48, 0.43, 579233382, 536, 165, 2356
2024-09-27 18:40:28, 155.73, 0.29, 576611942, 537, 82, 2232
2024-09-27 18:40:32, 139.62, 0.26, 579233382, 537, 82, 2232
2024-09-27 18:40:37, 28.9, 0.05, 574724505, 578, 82, 2191
2024-09-27 18:40:42, 57.75, 0.35, 578918809, 165, 248, 2191
2024-09-27 18:40:46, 44.55, 0.27, 577241088, 165, 207, 1987
2024-09-27 18:40:51, 119.04, 0.24, 578918809, 496, 82, 2153
2024-09-27 18:40:56, 150.28, 0.26, 577241088, 578, 82, 2191
2024-09-27 18:41:01, 217.0, 0.35, 579443097, 620, 41, 2232
2024-09-27 18:41:05, 29.76, 0.06, 577031372, 496, 0, 2111
2024-09-27 18:41:10, 144.99, 0.27, 575039078, 537, 82, 2232
2024-09-27 18:41:15, 132.71, 0.23, 579443097, 577, 288, 2596
2024-09-27 18:41:19, 99.2, 0.2, 575458508, 496, 41, 2153
2024-09-27 18:41:24, 102.03, 0.19, 577660518, 537, 0, 2153
2024-09-27 18:41:29, 138.6, 0.21, 579757670, 660, 123, 2356
2024-09-27 18:41:33, 16.11, 0.03, 577136230, 537, 124, 2273
2024-09-27 18:41:38, 107.4, 0.2, 577660518, 537, 82, 2273
2024-09-27 18:41:43, 25767.36, 124.48, 612053811, 207, 41, 1904
2024-09-27 18:41:47, 1210939.47, 383.33, 605342924, 3159, 0, 4747
2024-09-27 18:41:52, 1108637.64, 371.03, 603874918, 2988, 161, 5015
2024-09-27 18:41:56, 1194468.12, 383.58, 606391500, 3114, 81, 4861
2024-09-27 18:42:01, 1081030.88, 375.88, 593808588, 2876, 81, 4585
2024-09-27 18:42:06, 1197134.55, 374.69, 605972070, 3195, 81, 4861
2024-09-27 18:42:11, 1138900.84, 386.33, 608803225, 2948, 0, 4894
2024-09-27 18:42:15, 1130773.05, 368.45, 607440076, 3069, 242, 5015
2024-09-27 18:42:20, 1294500.48, 386.88, 608174080, 3346, 80, 4975
2024-09-27 18:42:25, 1224341.58, 369.78, 606810931, 3311, 80, 5096
2024-09-27 18:42:29, 1146171.64, 372.86, 608174080, 3074, 81, 4861
2024-09-27 18:42:34, 1147468.0, 374.5, 614255820, 3064, 282, 5096
2024-09-27 18:42:39, 1172638.78, 381.47, 604818636, 3074, 80, 4975
2024-09-27 18:42:43, 1216702.08, 390.72, 609956659, 3114, 81, 4982
2024-09-27 18:42:48, 1236576.24, 374.04, 606181785, 3306, 201, 5136
2024-09-27 18:42:53, 1252686.75, 388.43, 606810931, 3225, 242, 5217
2024-09-27 18:42:57, 1184659.2, 376.8, 609117798, 3144, 242, 5249
2024-09-27 18:43:02, 1215470.4, 386.6, 609012940, 3144, 242, 5136
2024-09-27 18:43:07, 1253336.9, 388.03, 610166374, 3230, 80, 5015
2024-09-27 18:43:11, 1189267.74, 381.91, 607020646, 3114, 81, 4942
2024-09-27 18:43:16, 1169810.7, 380.55, 606391500, 3074, 282, 5402
2024-09-27 18:43:21, 1170070.74, 385.78, 613207244, 3033, 121, 4780
2024-09-27 18:43:25, 1135956.06, 364.79, 608278937, 3114, 80, 5096
2024-09-27 18:43:30, 1182517.63, 386.57, 611005235, 3059, 322, 5249
2024-09-27 18:43:35, 1199658.6, 375.48, 607754649, 3195, 81, 4942
2024-09-27 18:43:39, 1202408.82, 386.13, 608278937, 3114, 40, 4942
2024-09-27 18:43:44, 1166496.8, 375.2, 607020646, 3109, 80, 4982
2024-09-27 18:43:49, 1157878.62, 371.83, 607440076, 3114, 80, 4982
2024-09-27 18:43:53, 1173346.38, 386.86, 611634380, 3033, 81, 4861
2024-09-27 18:43:58, 1172146.94, 381.31, 622749286, 3074, 0, 4780
2024-09-27 18:44:03, 1131944.04, 378.83, 618345267, 2988, 242, 5169
2024-09-27 18:44:07, 1201070.88, 382.02, 621490995, 3144, 121, 5048
2024-09-27 18:44:12, 1281323.89, 386.99, 620337561, 3311, 80, 5096
2024-09-27 18:44:17, 1172016.18, 376.37, 620022988, 3114, 80, 5015
2024-09-27 18:44:21, 1218096.18, 386.82, 622434713, 3149, 201, 5136
2024-09-27 18:44:26, 1131137.28, 378.56, 611529523, 2988, 80, 4894
2024-09-27 18:44:31, 1268362.96, 387.76, 617925836, 3271, 80, 5056
2024-09-27 18:44:35, 1159724.0, 378.5, 622015283, 3064, 282, 5249
2024-09-27 18:44:40, 1335878.87, 389.81, 610690662, 3427, 80, 5136
2024-09-27 18:44:45, 1165800.32, 375.58, 621176422, 3104, 282, 5249
2024-09-27 18:44:49, 1220875.4, 377.98, 622644428, 3230, 80, 5015
2024-09-27 18:44:54, 1204830.77, 387.53, 599470899, 3109, 80, 4934
2024-09-27 18:44:59, 1185818.93, 376.57, 620337561, 3149, 80, 5096
2024-09-27 18:45:03, 1214958.24, 390.16, 627887308, 3114, 0, 4861
2024-09-27 18:45:08, 1195549.34, 379.66, 624007577, 3149, 80, 4982
2024-09-27 18:45:13, 1210502.88, 385.02, 621071564, 3144, 282, 5249
2024-09-27 18:45:18, 1207446.9, 378.51, 620652134, 3190, 80, 4982
2024-09-27 18:45:22, 1235953.8, 386.84, 624741580, 3195, 0, 4982
2024-09-27 18:45:27, 1170322.56, 372.24, 618450124, 3144, 282, 5402
2024-09-27 18:45:32, 1196840.43, 380.07, 624741580, 3149, 80, 4975
2024-09-27 18:45:36, 1223113.5, 379.26, 628516454, 3225, 80, 4967
2024-09-27 18:45:41, 1316747.68, 388.88, 620966707, 3386, 80, 5136
2024-09-27 18:45:46, 1199024.64, 380.16, 625370726, 3154, 0, 4982
2024-09-27 18:45:50, 1219462.56, 386.64, 622015283, 3154, 80, 5056
2024-09-27 18:45:55, 1292842.52, 381.82, 618030694, 3386, 80, 5136
2024-09-27 18:46:00, 1197120.45, 385.05, 613941248, 3109, 80, 5169
2024-09-27 18:46:04, 1211905.12, 386.08, 609117798, 3139, 442, 5523
2024-09-27 18:46:09, 1285201.28, 375.68, 620966707, 3421, 282, 5371
2024-09-27 18:46:14, 1237464.8, 387.92, 624217292, 3190, 121, 5015
2024-09-27 18:46:18, 1194069.31, 379.19, 619918131, 3149, 121, 4894
2024-09-27 18:46:23, 1274123.34, 380.79, 622749286, 3346, 80, 5096
2024-09-27 18:46:28, 1210475.6, 384.4, 602302054, 3149, 80, 5056
2024-09-27 18:46:32, 1227307.9, 385.34, 620337561, 3185, 242, 5177
2024-09-27 18:46:37, 1187233.83, 381.87, 623483289, 3109, 80, 5007
2024-09-27 18:46:42, 1211540.7, 375.09, 623588147, 3230, 121, 5056
2024-09-27 18:46:46, 1231563.3, 386.07, 618554982, 3190, 80, 5096
2024-09-27 18:46:51, 1237552.47, 373.77, 621071564, 3311, 0, 4982
2024-09-27 18:46:56, 1184322.44, 387.16, 617506406, 3059, 201, 5128
2024-09-27 18:47:00, 1161492.78, 370.02, 622749286, 3139, 121, 5128
2024-09-27 18:47:05, 1261657.41, 385.71, 624112435, 3271, 80, 5096
2024-09-27 18:47:10, 1194878.3, 374.57, 620652134, 3190, 80, 5136
2024-09-27 18:47:14, 1181819.7, 375.3, 625685299, 3149, 201, 5056
2024-09-27 18:47:19, 1230414.9, 385.71, 626209587, 3190, 80, 5096
2024-09-27 18:47:24, 1193153.25, 369.97, 621281280, 3225, 80, 5209
2024-09-27 18:47:28, 1293946.5, 392.7, 622854144, 3295, 322, 5483
2024-09-27 18:47:33, 1308133.77, 377.31, 627258163, 3467, 80, 5136
2024-09-27 18:47:38, 1233235.8, 387.81, 620756992, 3180, 362, 5443
2024-09-27 18:47:42, 1262470.1, 372.85, 623797862, 3386, 80, 5177
2024-09-27 18:47:47, 1331423.77, 388.51, 623483289, 3427, 80, 5136
2024-09-27 18:47:52, 1212040.5, 379.95, 615514112, 3190, 0, 5015
2024-09-27 18:47:56, 1233245.54, 391.01, 620232704, 3154, 0, 4820
2024-09-27 18:48:01, 1158087.15, 377.35, 625999872, 3069, 121, 5096
2024-09-27 18:48:06, 1231830.6, 386.76, 621910425, 3185, 80, 5096
2024-09-27 18:48:10, 1187318.0, 372.2, 619813273, 3190, 80, 4894
2024-09-27 18:48:15, 1199815.8, 371.46, 624217292, 3230, 0, 5015
2024-09-27 18:48:20, 1190364.0, 388.5, 623693004, 3064, 80, 4967
2024-09-27 18:48:24, 1219469.25, 378.13, 624636723, 3225, 201, 5474
2024-09-27 18:48:29, 1257699.5, 384.5, 624951296, 3271, 121, 5136
2024-09-27 18:48:34, 1176938.75, 373.75, 622015283, 3149, 80, 5096
2024-09-27 18:48:39, 1208536.8, 374.16, 614360678, 3230, 0, 5128
2024-09-27 18:48:43, 1159662.98, 389.41, 610061516, 2978, 362, 5273
2024-09-27 18:48:48, 1057573.68, 305.04, 623483289, 3467, 80, 5209
2024-09-27 18:48:53, 1324844.71, 382.13, 624322150, 3467, 80, 5209
2024-09-27 18:48:57, 1207718.24, 385.36, 622434713, 3134, 362, 5483
2024-09-27 18:49:02, 1011127.32, 298.62, 622854144, 3386, 80, 5136
2024-09-27 18:49:07, 1278144.22, 368.66, 623378432, 3467, 80, 5169
2024-09-27 18:49:11, 1255648.03, 375.83, 625999872, 3341, 120, 5120
2024-09-27 18:49:16, 1197526.0, 375.4, 622224998, 3190, 80, 5096
2024-09-27 18:49:21, 1269278.84, 388.04, 635332198, 3271, 80, 5177
2024-09-27 18:49:25, 1223184.6, 375.21, 624846438, 3260, 201, 5209
2024-09-27 18:49:30, 1212018.61, 384.89, 623063859, 3149, 80, 5096
2024-09-27 18:49:35, 1242430.45, 380.53, 626419302, 3265, 242, 5290
2024-09-27 18:49:39, 1278297.96, 386.66, 627363020, 3306, 80, 5169
2024-09-27 18:49:44, 1201513.5, 376.65, 623378432, 3190, 0, 5177
2024-09-27 18:49:49, 1209801.99, 385.41, 625790156, 3139, 322, 5362
2024-09-27 18:49:53, 1287643.8, 371.4, 620861849, 3467, 80, 5169
2024-09-27 18:49:58, 1296879.61, 378.43, 619918131, 3427, 80, 5169
2024-09-27 18:50:03, 1241915.25, 385.09, 623273574, 3225, 80, 5128
2024-09-27 18:50:07, 1204344.4, 374.02, 627572736, 3220, 322, 5402
2024-09-27 18:50:12, 1242516.4, 384.68, 624741580, 3230, 121, 5169
2024-09-27 18:50:17, 1159491.6, 364.62, 624846438, 3180, 322, 5402
2024-09-27 18:50:21, 1294169.76, 387.36, 624217292, 3341, 161, 5290
2024-09-27 18:50:26, 332499.26, 385.73, 622959001, 862, 0, 2547
2024-09-27 18:50:31, 1247631.0, 378.07, 623483289, 3300, 201, 5249
2024-09-27 18:50:35, 1236444.0, 387.6, 624951296, 3190, 80, 4975
2024-09-27 18:50:40, 1218323.7, 377.19, 623693004, 3230, 80, 5209
2024-09-27 18:50:45, 1251550.02, 382.62, 625161011, 3271, 40, 5015
2024-09-27 18:50:49, 1140099.2, 367.3, 621805568, 3104, 282, 5635
2024-09-27 18:50:54, 1215601.73, 371.63, 624531865, 3271, 161, 5096
2024-09-27 18:50:59, 1216365.16, 391.24, 610166374, 3109, 281, 5555
2024-09-27 18:51:03, 1172328.5, 362.95, 627467878, 3230, 80, 5048
2024-09-27 18:51:08, 1248545.25, 388.35, 626419302, 3215, 322, 5474
2024-09-27 18:51:13, 1129902.83, 369.37, 622644428, 3059, 362, 5394
2024-09-27 18:51:17, 1267211.8, 388.12, 627782451, 3265, 80, 5362
2024-09-27 18:51:22, 1173473.4, 367.86, 625056153, 3190, 121, 5249
2024-09-27 18:51:27, 1253185.52, 383.12, 627048448, 3271, 80, 5177
2024-09-27 18:51:31, 1178127.72, 383.88, 621700710, 3069, 161, 4926
2024-09-27 18:51:36, 1215265.65, 372.21, 620547276, 3265, 282, 5209
2024-09-27 18:51:41, 1347860.46, 389.33, 617820979, 3462, 80, 5249
2024-09-27 18:51:45, 1290633.96, 364.38, 627153305, 3542, 80, 5290
2024-09-27 18:51:50, 1252917.0, 387.9, 627782451, 3230, 80, 5169
2024-09-27 18:51:55, 1220690.1, 375.02, 624636723, 3255, 322, 5747
2024-09-27 18:52:00, 1236121.0, 382.7, 616352972, 3230, 80, 5177
2024-09-27 18:52:04, 1221396.0, 370.12, 625056153, 3300, 241, 5290
2024-09-27 18:52:09, 1236212.58, 373.93, 616772403, 3306, 80, 5249
2024-09-27 18:52:14, 1217168.16, 387.14, 625056153, 3144, 201, 5209
2024-09-27 18:52:18, 1230278.4, 386.88, 626314444, 3180, 322, 5443
2024-09-27 18:52:23, 1261204.2, 386.28, 625999872, 3265, 120, 5088
2024-09-27 18:52:28, 1099740.24, 373.68, 621700710, 2943, 80, 5007
2024-09-27 18:52:33, 1308252.54, 390.99, 613941248, 3346, 80, 5209
2024-09-27 18:52:37, 1156767.48, 376.92, 602092339, 3069, 0, 5056
2024-09-27 18:52:42, 1193557.4, 370.67, 623273574, 3220, 322, 5635
2024-09-27 18:52:47, 1266894.55, 384.49, 614150963, 3295, 322, 5483
2024-09-27 18:52:51, 1319540.2, 380.6, 627782451, 3467, 40, 5169
2024-09-27 18:52:56, 1273867.92, 385.32, 625475584, 3306, 80, 5169
2024-09-27 18:53:01, 1170861.18, 371.82, 625685299, 3149, 201, 5209
2024-09-27 18:53:05, 1216442.7, 367.95, 623063859, 3306, 121, 5169
2024-09-27 18:53:10, 1225648.35, 375.39, 629565030, 3265, 120, 5209
2024-09-27 18:53:15, 516322.5, 160.1, 620547276, 3225, 80, 5209
2024-09-27 18:53:19, 44389.72, 90.04, 626733875, 493, 287, 2752
2024-09-27 18:53:24, 1255251.09, 374.59, 631662182, 3351, 0, 5015
2024-09-27 18:53:29, 1214998.8, 386.45, 628411596, 3144, 201, 5249
2024-09-27 18:53:34, 1297003.68, 374.64, 637429350, 3462, 80, 5290
2024-09-27 18:53:38, 1246623.75, 386.55, 628411596, 3225, 80, 5177
2024-09-27 18:53:43, 1240179.78, 375.13, 626419302, 3306, 80, 5169
2024-09-27 18:53:48, 1287988.91, 385.51, 632291328, 3341, 281, 5635
2024-09-27 18:53:52, 1283531.02, 379.07, 633549619, 3386, 80, 5169
2024-09-27 18:53:57, 1365920.08, 390.04, 638058496, 3502, 80, 5330
2024-09-27 18:54:02, 1307891.94, 373.47, 623902720, 3502, 120, 5290
2024-09-27 18:54:07, 1279469.73, 386.43, 631557324, 3311, 0, 5096
2024-09-27 18:54:11, 1253763.4, 384.59, 633654476, 3260, 282, 5362
2024-09-27 18:54:16, 1231327.8, 387.21, 622539571, 3180, 80, 5209
2024-09-27 18:54:21, 1173278.7, 382.3, 632920473, 3069, 80, 5096
2024-09-27 18:54:25, 1255719.4, 385.19, 623273574, 3260, 80, 5209
2024-09-27 18:54:30, 1288779.32, 380.62, 634807910, 3386, 0, 5096
2024-09-27 18:54:35, 1340513.28, 387.88, 624427008, 3456, 241, 5434
2024-09-27 18:54:39, 1245123.0, 377.31, 635541913, 3300, 322, 5443
2024-09-27 18:54:44, 1318894.29, 390.09, 626733875, 3381, 80, 5290
2024-09-27 18:54:49, 1314140.58, 379.59, 620861849, 3462, 241, 5635
2024-09-27 18:54:53, 1232117.25, 386.85, 622959001, 3185, 121, 5169
2024-09-27 18:54:58, 1265390.28, 378.18, 632186470, 3346, 120, 5209
2024-09-27 18:55:03, 1284194.8, 383.8, 623483289, 3346, 121, 5209
2024-09-27 18:55:07, 1199907.6, 381.65, 634598195, 3144, 80, 5088
2024-09-27 18:55:12, 1253078.5, 387.95, 630403891, 3230, 0, 5056
2024-09-27 18:55:17, 1125726.04, 379.16, 631662182, 2969, 361, 5474
2024-09-27 18:55:21, 1333898.8, 381.55, 632815616, 3496, 120, 5322
2024-09-27 18:55:26, 1204785.0, 369.0, 625999872, 3265, 80, 5169
2024-09-27 18:55:31, 1262377.03, 385.93, 627258163, 3271, 80, 5209
2024-09-27 18:55:35, 1198005.56, 380.44, 631662182, 3149, 40, 5128
2024-09-27 18:55:40, 1235046.0, 382.96, 626314444, 3225, 80, 5209
2024-09-27 18:55:45, 1109823.0, 336.31, 633339904, 3300, 161, 5160
2024-09-27 18:55:49, 1296686.6, 380.26, 637429350, 3410, 321, 5635
2024-09-27 18:55:54, 1266561.66, 383.11, 635856486, 3306, 80, 5290
2024-09-27 18:55:59, 1267244.45, 388.13, 638058496, 3265, 241, 5290
2024-09-27 18:56:03, 1301176.24, 372.19, 635541913, 3496, 120, 5362
2024-09-27 18:56:08, 1154533.32, 386.39, 636171059, 2988, 80, 4813
2024-09-27 18:56:13, 1253826.6, 375.96, 634073907, 3335, 322, 5635
2024-09-27 18:56:17, 1298482.22, 388.07, 634493337, 3346, 0, 5096
2024-09-27 18:56:22, 1141278.72, 367.68, 635122483, 3104, 161, 5048
2024-09-27 18:56:27, 1246250.5, 381.7, 623693004, 3265, 161, 5281
2024-09-27 18:56:31, 1190713.26, 348.06, 634283622, 3421, 80, 5362
2024-09-27 18:56:36, 1286738.88, 376.68, 636275916, 3416, 161, 5362
2024-09-27 18:56:41, 1201620.48, 387.12, 633969049, 3104, 80, 5048
2024-09-27 18:56:45, 1239816.12, 375.02, 636590489, 3306, 121, 5209
2024-09-27 18:56:50, 1319240.23, 385.63, 638687641, 3421, 80, 5330
2024-09-27 18:56:55, 938087.1, 297.9, 633969049, 3149, 80, 5249
2024-09-27 18:56:59, 1017139.2, 307.2, 633969049, 3311, 0, 5096
2024-09-27 18:57:04, 395677.52, 387.16, 624427008, 1022, 368, 3511
2024-09-27 18:57:09, 1223857.6, 380.08, 632081612, 3220, 362, 5523
2024-09-27 18:57:13, 1244401.2, 386.46, 629040742, 3220, 80, 5201
2024-09-27 18:57:18, 1222971.05, 374.57, 631452467, 3265, 121, 5209
2024-09-27 18:57:23, 1279975.7, 388.46, 626419302, 3295, 362, 5635
2024-09-27 18:57:27, 1317234.38, 371.89, 625475584, 3542, 120, 5330
2024-09-27 18:57:32, 1242468.9, 386.46, 631871897, 3215, 401, 5635
2024-09-27 18:57:37, 1266826.89, 374.69, 632081612, 3381, 80, 5362
2024-09-27 18:57:41, 213633.72, 64.62, 635227340, 3306, 40, 5128
2024-09-27 18:57:46, 248.11, 0.43, 635751628, 577, 165, 2476
2024-09-27 18:57:51, 987461.08, 326.11, 636905062, 3028, 121, 4967
2024-09-27 18:57:55, 1088510.72, 350.68, 636171059, 3104, 80, 4926
2024-09-27 18:58:00, 1031086.72, 332.18, 637114777, 3104, 80, 4926
2024-09-27 18:58:05, 935722.08, 313.16, 636695347, 2988, 121, 4926
2024-09-27 18:58:09, 1148966.5, 348.7, 636380774, 3295, 241, 5233
2024-09-27 18:58:14, 704524.75, 339.53, 636905062, 2075, 81, 3593
2024-09-27 18:58:19, 81038.96, 326.77, 640994508, 248, 82, 2070
2024-09-27 18:58:23, 1038240.36, 347.47, 638373068, 2988, 80, 4926
2024-09-27 18:58:28, 1052563.68, 348.07, 638373068, 3024, 201, 4611
2024-09-27 18:58:33, 729081.84, 240.78, 638897356, 3028, 161, 4926
2024-09-27 18:58:37, 1136762.0, 348.7, 638897356, 3260, 241, 5193
2024-09-27 18:58:42, 886804.2, 346.95, 639107072, 2556, 202, 4780
2024-09-27 18:58:47, 1049132.69, 347.51, 641099366, 3019, 241, 5040
2024-09-27 18:58:51, 1031875.92, 345.34, 639002214, 2988, 80, 4846
2024-09-27 18:58:56, 37090.24, 41.12, 623168716, 902, 82, 2748
2024-09-27 18:59:01, 1077056.96, 346.99, 620652134, 3104, 80, 4853
2024-09-27 18:59:05, 1033823.34, 336.86, 624741580, 3069, 80, 4886
2024-09-27 18:59:10, 1063399.32, 355.89, 625475584, 2988, 0, 4691
2024-09-27 18:59:15, 1091276.55, 342.63, 624951296, 3185, 80, 4934
2024-09-27 18:59:19, 1119784.4, 340.36, 625265868, 3290, 281, 5088
2024-09-27 18:59:24, 1027752.48, 343.96, 627467878, 2988, 80, 4846
2024-09-27 18:59:29, 986164.7, 331.15, 624951296, 2978, 322, 5160
2024-09-27 18:59:33, 1070135.04, 344.76, 622854144, 3104, 80, 4853
2024-09-27 18:59:38, 369673.92, 300.06, 629250457, 1232, 82, 2958
2024-09-27 18:59:43, 1120746.0, 339.62, 623797862, 3300, 120, 5080
2024-09-27 18:59:47, 1163503.53, 344.13, 621805568, 3381, 80, 5120
2024-09-27 18:59:52, 914445.07, 347.83, 623588147, 2629, 121, 4179
2024-09-27 18:59:56, 931150.44, 311.63, 624007577, 2988, 161, 4772
2024-09-27 19:00:01, 1102741.0, 347.32, 626314444, 3175, 401, 5233
2024-09-27 19:00:06, 1051170.2, 347.15, 623902720, 3028, 80, 4853
2024-09-27 19:00:10, 1104434.24, 355.81, 628097024, 3104, 40, 4765
2024-09-27 19:00:15, 1085693.89, 349.21, 624531865, 3109, 0, 4886
2024-09-27 19:00:20, 1112846.08, 358.52, 622015283, 3104, 120, 4999
2024-09-27 19:00:24, 1067400.28, 352.51, 622120140, 3028, 80, 4846
2024-09-27 19:00:29, 1044812.86, 337.69, 623273574, 3094, 322, 5354
2024-09-27 19:00:34, 1081689.7, 339.62, 629774745, 3185, 120, 4926
2024-09-27 19:00:38, 132693.2, 83.35, 695939891, 1592, 245, 3639
2024-09-27 19:00:43, 366.2, 0.2, 742811238, 1831, 81, 3704
2024-09-27 19:00:48, 26771.31, 129.33, 743650099, 207, 82, 1987
2024-09-27 19:00:52, 1141010.96, 376.82, 743650099, 3028, 0, 5169
2024-09-27 19:00:57, 1164993.28, 375.32, 746271539, 3104, 242, 5136
2024-09-27 19:01:02, 1213157.0, 380.3, 745642393, 3190, 80, 5169
2024-09-27 19:01:06, 1145376.0, 369.0, 745013248, 3104, 241, 5128
2024-09-27 19:01:11, 1195705.0, 376.6, 745642393, 3175, 80, 5707
2024-09-27 19:01:16, 1198332.96, 385.44, 744384102, 3109, 0, 4934
2024-09-27 19:01:20, 1204340.13, 383.67, 746376396, 3139, 362, 5402
2024-09-27 19:01:25, 1192054.8, 374.86, 745537536, 3180, 322, 5322
2024-09-27 19:01:30, 1210349.64, 384.36, 745642393, 3149, 80, 5096
2024-09-27 19:01:34, 1153384.23, 366.27, 743964672, 3149, 80, 5056
2024-09-27 19:01:39, 1176431.34, 385.21, 745432678, 3054, 362, 5434
2024-09-27 19:01:44, 1199918.55, 385.95, 745537536, 3109, 121, 5015
2024-09-27 19:01:48, 1212491.8, 371.93, 746166681, 3260, 80, 5249
2024-09-27 19:01:53, 1233336.75, 382.43, 746061824, 3225, 161, 5322
2024-09-27 19:01:58, 1156026.69, 377.91, 743650099, 3059, 322, 5281
2024-09-27 19:02:02, 1170407.54, 372.86, 743859814, 3139, 120, 5040
2024-09-27 19:02:07, 1230353.0, 373.4, 743335526, 3295, 80, 5201
2024-09-27 19:02:12, 1129299.93, 367.97, 744174387, 3069, 80, 4886
2024-09-27 19:02:16, 1194862.5, 370.5, 744488960, 3225, 0, 5169
2024-09-27 19:02:21, 593433.0, 354.5, 743545241, 1674, 81, 3394
2024-09-27 19:02:26, 1227460.5, 377.1, 744593817, 3255, 322, 5483
2024-09-27 19:02:30, 1183716.0, 376.5, 744384102, 3144, 80, 5056
2024-09-27 19:02:35, 1151569.44, 379.68, 743650099, 3033, 80, 4861
2024-09-27 19:02:40, 1213093.2, 380.28, 743859814, 3190, 40, 5096
2024-09-27 19:02:44, 1070660.16, 358.32, 744384102, 2988, 121, 5015
2024-09-27 19:02:49, 1256600.55, 384.87, 744069529, 3265, 80, 5169
2024-09-27 19:02:54, 1184937.21, 376.29, 743964672, 3149, 121, 5056
2024-09-27 19:02:58, 1231659.0, 373.23, 743545241, 3300, 120, 5273
2024-09-27 19:03:03, 1177222.16, 373.84, 743754956, 3149, 0, 5056
2024-09-27 19:03:08, 1176547.68, 374.22, 744698675, 3144, 282, 5209
2024-09-27 19:03:12, 1218962.8, 382.12, 743859814, 3190, 80, 5056
2024-09-27 19:03:17, 1227391.5, 386.58, 744279244, 3175, 362, 5483
2024-09-27 19:03:22, 1159439.37, 372.93, 743650099, 3109, 80, 4942
2024-09-27 19:03:26, 1194090.0, 375.5, 743754956, 3180, 282, 5362
2024-09-27 19:03:31, 1177993.92, 374.68, 743964672, 3144, 80, 5056
2024-09-27 19:03:36, 1233672.0, 373.84, 743964672, 3300, 80, 5169
2024-09-27 19:03:41, 1198993.25, 376.45, 743754956, 3185, 121, 5088
2024-09-27 19:03:45, 1172869.2, 373.05, 744803532, 3144, 201, 5169
2024-09-27 19:03:50, 1174969.2, 360.42, 744174387, 3260, 80, 5290
2024-09-27 19:03:55, 1222695.6, 375.06, 744698675, 3260, 161, 5249
2024-09-27 19:03:59, 1100665.28, 373.36, 744698675, 2948, 121, 4813
2024-09-27 19:04:04, 1200603.0, 372.28, 744488960, 3225, 121, 5128
2024-09-27 19:04:09, 1212869.9, 380.21, 744279244, 3190, 0, 5015
2024-09-27 19:04:13, 1171315.75, 376.75, 744698675, 3109, 121, 5015
2024-09-27 19:04:18, 1211421.9, 377.39, 744069529, 3210, 321, 5483
2024-09-27 19:04:23, 1241044.5, 384.82, 743650099, 3225, 80, 5096
2024-09-27 19:04:27, 1237882.1, 388.66, 744384102, 3185, 80, 5048
2024-09-27 19:04:32, 1192550.64, 379.31, 744908390, 3144, 282, 5443
2024-09-27 19:04:36, 1219050.0, 378.0, 744384102, 3225, 121, 5128
2024-09-27 19:04:41, 1238625.75, 384.07, 743754956, 3225, 80, 5136
2024-09-27 19:04:46, 1198635.36, 380.64, 744069529, 3149, 80, 5015
2024-09-27 19:04:50, 1204461.01, 382.49, 744488960, 3149, 40, 4942
2024-09-27 19:04:55, 1202957.28, 382.62, 744279244, 3144, 120, 5371
2024-09-27 19:05:00, 1192211.4, 378.6, 743859814, 3149, 80, 5056
2024-09-27 19:05:04, 1239625.5, 384.38, 743650099, 3225, 121, 5136
2024-09-27 19:05:09, 1193871.12, 379.73, 744593817, 3144, 80, 5088
2024-09-27 19:05:14, 1211199.87, 384.63, 744698675, 3149, 0, 4901
2024-09-27 19:05:18, 668930.85, 197.85, 744174387, 3381, 120, 5209
2024-09-27 19:05:23, 1236586.1, 378.74, 744279244, 3265, 121, 5209
2024-09-27 19:05:28, 1106067.84, 365.28, 744279244, 3028, 80, 5007
2024-09-27 19:05:33, 1214906.5, 372.1, 744488960, 3265, 80, 5088
2024-09-27 19:05:37, 1216966.8, 377.94, 743859814, 3220, 241, 5402
2024-09-27 19:05:42, 1231401.75, 381.83, 745013248, 3225, 80, 5096
2024-09-27 19:05:47, 1205367.8, 374.92, 743859814, 3215, 80, 5201
2024-09-27 19:05:51, 1194447.19, 379.31, 744593817, 3149, 80, 5096
2024-09-27 19:05:56, 1161618.2, 368.3, 744698675, 3154, 0, 4942
2024-09-27 19:06:01, 1125477.32, 371.69, 744488960, 3028, 80, 4975
2024-09-27 19:06:05, 1086470.68, 346.12, 743964672, 3139, 161, 5281
2024-09-27 19:06:10, 1197623.7, 376.02, 744069529, 3185, 80, 5128
2024-09-27 19:06:15, 1005451.6, 328.15, 743650099, 3064, 0, 5249
2024-09-27 19:06:19, 39.6, 0.06, 744908390, 660, 0, 2356
2024-09-27 19:06:24, 1038255.19, 339.41, 745222963, 3059, 282, 5120
2024-09-27 19:06:29, 938860.68, 307.42, 744069529, 3054, 362, 5273
2024-09-27 19:06:33, 1038532.32, 343.43, 744279244, 3024, 80, 4853
2024-09-27 19:06:38, 1065265.74, 348.81, 744174387, 3054, 362, 5241
2024-09-27 19:06:43, 1124270.4, 350.24, 745013248, 3210, 401, 5385
2024-09-27 19:06:47, 1131380.3, 336.22, 743964672, 3365, 400, 5617
2024-09-27 19:06:52, 1050850.56, 334.24, 744593817, 3144, 120, 4999
2024-09-27 19:06:57, 1130316.0, 342.52, 744803532, 3300, 80, 5080
2024-09-27 19:07:01, 1159191.0, 351.27, 744174387, 3300, 161, 5394
2024-09-27 19:07:06, 966119.76, 307.29, 744384102, 3144, 120, 4967
2024-09-27 19:07:11, 1134624.4, 356.24, 745013248, 3185, 281, 5434
2024-09-27 19:07:15, 1115482.55, 350.23, 744279244, 3185, 80, 5040
2024-09-27 19:07:20, 1005481.8, 342.7, 744279244, 2934, 401, 5394
2024-09-27 19:07:25, 1089794.34, 351.66, 744803532, 3099, 120, 4967
2024-09-27 19:07:29, 1062964.8, 342.45, 744069529, 3104, 121, 4926
2024-09-27 19:07:34, 106101.12, 35.04, 744803532, 3028, 80, 4805
2024-09-27 19:07:39, 1045896.4, 341.35, 744908390, 3064, 80, 4926
2024-09-27 19:07:43, 1090197.21, 351.79, 744593817, 3099, 161, 5007
2024-09-27 19:07:48, 1036592.5, 347.5, 745327820, 2983, 80, 4886
2024-09-27 19:07:53, 1053164.16, 339.84, 745327820, 3099, 161, 5007
2024-09-27 19:07:57, 1171922.57, 350.77, 744279244, 3341, 80, 5201
2024-09-27 19:08:02, 1071634.0, 349.75, 744488960, 3064, 80, 4894
2024-09-27 19:08:07, 1068210.0, 357.5, 744384102, 2988, 0, 4699
2024-09-27 19:08:11, 1152096.75, 349.65, 744174387, 3295, 120, 5152
2024-09-27 19:08:16, 1050437.04, 338.96, 744174387, 3099, 80, 4919
2024-09-27 19:08:21, 229916.61, 110.59, 744384102, 2079, 122, 3598
2024-09-27 19:08:25, 1118946.0, 346.96, 744593817, 3225, 0, 5007
2024-09-27 19:08:30, 1115705.5, 350.3, 745222963, 3185, 80, 4967
2024-09-27 19:08:35, 1052472.96, 348.04, 744593817, 3024, 121, 4846
2024-09-27 19:08:39, 1068137.28, 353.22, 745118105, 3024, 121, 4846
2024-09-27 19:08:44, 1020190.95, 346.65, 744069529, 2943, 80, 4919
2024-09-27 19:08:49, 1138929.0, 345.13, 744908390, 3300, 0, 4926
2024-09-27 19:08:53, 1041585.28, 349.76, 744593817, 2978, 322, 5201
2024-09-27 19:08:58, 1167890.55, 347.07, 744279244, 3365, 361, 5394
2024-09-27 19:09:03, 1049812.83, 342.07, 744174387, 3069, 80, 4853
2024-09-27 19:09:07, 1068411.94, 340.91, 832359628, 3134, 361, 5313
2024-09-27 19:09:12, 23183.79, 62.49, 834351923, 371, 123, 2270
2024-09-27 19:09:17, 1272.92, 0.44, 864550912, 2893, 401, 5546
2024-09-27 19:09:21, 382.85, 1.55, 870422937, 247, 82, 2514
2024-09-27 19:09:26, 1142070.76, 377.17, 870318080, 3028, 80, 4813
2024-09-27 19:09:31, 1239650.82, 374.97, 872205516, 3306, 80, 5249
2024-09-27 19:09:35, 1137694.58, 377.47, 870318080, 3014, 402, 5313
2024-09-27 19:09:40, 1198474.5, 371.62, 867591782, 3225, 121, 5128
2024-09-27 19:09:45, 1150598.79, 374.91, 870108364, 3069, 80, 4926
2024-09-27 19:09:49, 1213093.2, 380.28, 870213222, 3190, 80, 5096
2024-09-27 19:09:54, 1204312.2, 378.12, 867696640, 3185, 120, 5120
2024-09-27 19:09:59, 1190584.85, 373.81, 868220928, 3185, 120, 5290
2024-09-27 19:10:03, 1219811.25, 374.75, 868325785, 3255, 120, 5241
2024-09-27 19:10:08, 1223819.95, 374.83, 867591782, 3265, 80, 5169
2024-09-27 19:10:13, 1196792.3, 375.17, 868325785, 3190, 80, 5096
2024-09-27 19:10:17, 934826.4, 305.1, 868325785, 3064, 242, 5088
2024-09-27 19:10:22, 853340.4, 261.36, 870213222, 3265, 80, 5241
2024-09-27 19:10:27, 1215458.4, 372.84, 868116070, 3260, 80, 5249
2024-09-27 19:10:32, 1215885.0, 368.45, 869164646, 3300, 80, 5169
2024-09-27 19:10:36, 1246660.74, 373.14, 866228633, 3341, 0, 5209
2024-09-27 19:10:41, 1137447.36, 376.14, 864131481, 3024, 80, 5281
2024-09-27 19:10:46, 1298226.42, 370.71, 864655769, 3502, 80, 5249
2024-09-27 19:10:50, 1279945.98, 365.49, 864131481, 3502, 80, 5362
2024-09-27 19:10:55, 1206874.6, 369.64, 865075200, 3265, 80, 5290
2024-09-27 19:11:00, 1179615.65, 366.91, 864550912, 3215, 361, 5555
2024-09-27 19:11:04, 1125929.28, 358.12, 865180057, 3144, 161, 5402
2024-09-27 19:11:09, 511.84, 0.28, 864865484, 1828, 81, 3663
2024-09-27 19:11:14, 146169.36, 222.48, 865180057, 657, 123, 2921
2024-09-27 19:11:18, 1145000.25, 360.63, 865075200, 3175, 401, 5555
2024-09-27 19:11:23, 1184764.0, 366.8, 864970342, 3230, 0, 4975
2024-09-27 19:11:28, 1157528.2, 355.07, 864865484, 3260, 241, 5249
2024-09-27 19:11:32, 1189756.75, 373.55, 864446054, 3185, 121, 4886
2024-09-27 19:11:37, 1162548.0, 360.48, 864760627, 3225, 80, 5088
2024-09-27 19:11:42, 1144657.15, 359.39, 865704345, 3185, 201, 5128
2024-09-27 19:11:46, 1181174.4, 362.88, 865494630, 3255, 361, 5434
2024-09-27 19:11:51, 1171286.1, 358.74, 865389772, 3265, 80, 5128
2024-09-27 19:11:56, 1126741.98, 364.17, 865284915, 3094, 201, 5281
2024-09-27 19:12:00, 1206744.0, 369.6, 865704345, 3265, 80, 5007
2024-09-27 19:12:05, 1090938.24, 360.76, 864865484, 3024, 241, 5007
2024-09-27 19:12:10, 1135842.7, 358.31, 865389772, 3170, 321, 5474
2024-09-27 19:12:15, 1151572.5, 362.7, 864970342, 3175, 281, 5322
2024-09-27 19:12:19, 1259956.96, 373.21, 865914060, 3376, 80, 5241
2024-09-27 19:12:24, 954440.2, 296.41, 865809203, 3220, 80, 5120
2024-09-27 19:12:29, 1143711.8, 355.19, 865494630, 3220, 402, 5515
2024-09-27 19:12:33, 1196426.6, 366.44, 865599488, 3265, 121, 5169
2024-09-27 19:12:38, 1220071.65, 374.83, 865389772, 3255, 362, 5523
2024-09-27 19:12:43, 1093544.13, 352.87, 864865484, 3099, 120, 5241
2024-09-27 19:12:47, 1187144.03, 362.93, 865494630, 3271, 0, 5015
2024-09-27 19:12:52, 1166106.0, 366.7, 864865484, 3180, 241, 5635
2024-09-27 19:12:56, 1103885.04, 357.36, 864760627, 3089, 361, 5515
2024-09-27 19:13:01, 1104614.4, 364.8, 865599488, 3028, 80, 4886
2024-09-27 19:13:06, 1154152.85, 358.99, 865494630, 3215, 362, 5474
2024-09-27 19:13:10, 1199573.65, 350.65, 865704345, 3421, 80, 5290
2024-09-27 19:13:15, 1134538.86, 366.69, 865180057, 3094, 401, 5506
2024-09-27 19:13:20, 1135893.5, 347.9, 864970342, 3265, 80, 5096
2024-09-27 19:13:24, 535847.4, 192.06, 865599488, 2790, 80, 4934
2024-09-27 19:13:29, 1160061.9, 361.39, 864865484, 3210, 401, 5546
2024-09-27 19:13:34, 1215657.45, 372.33, 865494630, 3265, 0, 4967
2024-09-27 19:13:38, 1130836.57, 363.73, 864970342, 3109, 80, 4894
2024-09-27 19:13:43, 1148712.75, 356.19, 865075200, 3225, 121, 5169
2024-09-27 19:13:48, 1080256.45, 339.17, 865389772, 3185, 80, 5169
2024-09-27 19:13:52, 1096028.28, 366.81, 866018918, 2988, 121, 4886
2024-09-27 19:13:57, 1165446.8, 361.94, 865599488, 3220, 241, 5249
2024-09-27 19:14:02, 1154614.5, 358.02, 865389772, 3225, 80, 5128
2024-09-27 19:14:06, 1012607.1, 310.14, 865180057, 3265, 121, 5128
2024-09-27 19:14:11, 1176722.15, 366.01, 864865484, 3215, 401, 5555
2024-09-27 19:14:16, 375476.64, 304.77, 865494630, 1232, 82, 2958
2024-09-27 19:14:21, 1191779.94, 360.49, 864970342, 3306, 80, 5169
2024-09-27 19:14:25, 1211034.0, 354.0, 864760627, 3421, 80, 5249
2024-09-27 19:14:30, 1208178.7, 358.51, 865284915, 3370, 401, 5595
2024-09-27 19:14:35, 1077108.57, 365.99, 865389772, 2943, 242, 4926
2024-09-27 19:14:39, 1103980.68, 359.72, 865704345, 3069, 80, 4846
2024-09-27 19:14:44, 1152840.75, 357.47, 865284915, 3225, 80, 5128
2024-09-27 19:14:49, 1259855.68, 373.18, 866123776, 3376, 120, 5233
2024-09-27 19:14:53, 694320.4, 229.3, 864970342, 3028, 80, 4813
2024-09-27 19:14:58, 1228013.01, 363.21, 866228633, 3381, 80, 5169
2024-09-27 19:15:03, 1209186.66, 353.46, 866228633, 3421, 201, 5322
2024-09-27 19:15:07, 1199072.56, 358.36, 864865484, 3346, 80, 5169
2024-09-27 19:15:12, 165102.76, 98.51, 923271168, 1676, 122, 3557
2024-09-27 19:15:17, 28764.94, 33.37, 942355251, 862, 41, 2999
2024-09-27 19:15:21, 49.44, 0.24, 942984396, 206, 289, 2232
2024-09-27 19:15:26, 69893.74, 339.29, 952002150, 206, 124, 2025
2024-09-27 19:15:31, 1222678.2, 384.49, 952107008, 3180, 120, 5209
2024-09-27 19:15:35, 691185.42, 209.07, 951163289, 3306, 80, 5096
2024-09-27 19:15:40, 1236096.35, 378.59, 951582720, 3265, 80, 5128
2024-09-27 19:15:45, 1307957.76, 378.46, 951897292, 3456, 120, 5362
2024-09-27 19:15:49, 1302288.74, 371.87, 960495616, 3502, 120, 5249
2024-09-27 19:15:54, 1136188.68, 385.41, 960495616, 2948, 121, 4496
2024-09-27 19:15:59, 1137908.32, 371.38, 961229619, 3064, 80, 5128
2024-09-27 19:16:03, 1306316.97, 386.37, 960810188, 3381, 80, 5322
2024-09-27 19:16:08, 1206791.6, 374.78, 961019904, 3220, 161, 5322
2024-09-27 19:16:13, 1289906.58, 372.59, 960495616, 3462, 80, 5322
2024-09-27 19:16:18, 1205283.2, 388.3, 961124761, 3104, 121, 4967
2024-09-27 19:16:22, 1218549.8, 377.26, 961019904, 3230, 80, 5249
2024-09-27 19:16:27, 1171588.32, 387.43, 961019904, 3024, 0, 5209
2024-09-27 19:16:32, 1226856.4, 375.76, 960600473, 3265, 80, 5249
2024-09-27 19:16:36, 1275962.0, 390.8, 961544192, 3265, 80, 5209
2024-09-27 19:16:41, 1221666.18, 369.53, 961963622, 3306, 80, 5169
2024-09-27 19:16:46, 1256391.1, 384.1, 960495616, 3271, 0, 5056
2024-09-27 19:16:50, 1309201.3, 383.93, 960810188, 3410, 401, 5787
2024-09-27 19:16:55, 1234791.0, 373.5, 961858764, 3306, 121, 5249
2024-09-27 19:17:00, 1295571.2, 387.2, 961019904, 3346, 121, 5169
2024-09-27 19:17:04, 1208441.8, 370.12, 961124761, 3265, 121, 5209
2024-09-27 19:17:09, 1251528.1, 387.47, 961544192, 3230, 0, 5136
2024-09-27 19:17:14, 1298440.55, 379.55, 960915046, 3421, 120, 5322
2024-09-27 19:17:18, 1216579.9, 369.22, 961019904, 3295, 322, 5443
2024-09-27 19:17:23, 1214392.52, 388.73, 960600473, 3124, 482, 5667
2024-09-27 19:17:28, 1270911.18, 379.83, 961019904, 3346, 80, 5128
2024-09-27 19:17:32, 1269867.8, 389.53, 961229619, 3260, 322, 5635
2024-09-27 19:17:37, 1255589.25, 389.33, 961334476, 3225, 120, 5290
2024-09-27 19:17:42, 1330724.98, 379.99, 961334476, 3502, 80, 5402
2024-09-27 19:17:46, 1260401.1, 387.22, 961229619, 3255, 80, 5160
2024-09-27 19:17:51, 1275394.82, 381.17, 961019904, 3346, 80, 5209
2024-09-27 19:17:56, 1298780.34, 388.74, 960810188, 3341, 120, 5362
2024-09-27 19:18:01, 1229798.94, 371.99, 961334476, 3306, 241, 5595
2024-09-27 19:18:05, 1256796.45, 384.93, 961229619, 3265, 121, 5169
2024-09-27 19:18:10, 1162654.21, 370.39, 961124761, 3139, 80, 5169
2024-09-27 19:18:15, 1264925.55, 388.61, 961019904, 3255, 322, 5515
2024-09-27 19:18:19, 1218914.0, 373.9, 961544192, 3260, 161, 5402
2024-09-27 19:18:24, 911131.2, 289.8, 961334476, 3144, 80, 5015
2024-09-27 19:18:29, 1299919.26, 383.91, 960915046, 3386, 80, 5209
2024-09-27 19:18:33, 1187457.36, 377.69, 960495616, 3144, 161, 5169
2024-09-27 19:18:38, 1285119.0, 389.43, 960705331, 3300, 241, 5362
2024-09-27 19:18:43, 1148604.16, 370.04, 960600473, 3104, 80, 5209
2024-09-27 19:18:47, 1217631.0, 377.56, 960810188, 3225, 80, 5290
2024-09-27 19:18:52, 1293651.15, 378.15, 960810188, 3421, 241, 5667
2024-09-27 19:18:57, 1234162.86, 373.31, 961544192, 3306, 0, 5169
2024-09-27 19:19:01, 1186387.38, 388.47, 960915046, 3054, 80, 5241
2024-09-27 19:19:06, 1279644.24, 382.44, 960915046, 3346, 121, 5249
2024-09-27 19:19:11, 1275884.58, 385.93, 960705331, 3306, 120, 5249
2024-09-27 19:19:15, 1225930.92, 370.82, 960810188, 3306, 0, 5209
2024-09-27 19:19:20, 1230255.0, 378.54, 961019904, 3250, 401, 5595
2024-09-27 19:19:25, 1276281.3, 386.05, 962068480, 3306, 120, 5362
2024-09-27 19:19:29, 1233573.0, 373.81, 960705331, 3300, 80, 5322
2024-09-27 19:19:34, 1336641.32, 387.32, 961229619, 3451, 321, 5555
2024-09-27 19:19:39, 1264934.44, 382.04, 961229619, 3311, 0, 5128
2024-09-27 19:19:43, 1273978.8, 386.64, 961124761, 3295, 321, 5676
2024-09-27 19:19:48, 1252813.15, 383.71, 960810188, 3265, 121, 5290
2024-09-27 19:19:53, 1309157.01, 387.21, 961649049, 3381, 120, 5322
2024-09-27 19:19:58, 1149183.7, 343.45, 961229619, 3346, 80, 5209
2024-09-27 19:20:02, 1231405.2, 381.24, 960810188, 3230, 40, 5096
2024-09-27 19:20:07, 1168073.14, 372.71, 960600473, 3134, 321, 5555
2024-09-27 19:20:12, 1215091.5, 373.3, 960915046, 3255, 401, 5756
2024-09-27 19:20:16, 1303572.05, 381.05, 960915046, 3421, 80, 5322
2024-09-27 19:20:21, 1225080.75, 379.87, 961753907, 3225, 80, 5249
2024-09-27 19:20:26, 1309670.94, 386.79, 960600473, 3386, 40, 5160
2024-09-27 19:20:30, 1219412.2, 373.48, 961439334, 3265, 161, 5330
2024-09-27 19:20:35, 1346974.26, 384.63, 961753907, 3502, 120, 5290
2024-09-27 19:20:40, 1252064.8, 388.84, 961753907, 3220, 120, 5169
2024-09-27 19:20:44, 1259652.12, 381.02, 960810188, 3306, 80, 5249
2024-09-27 19:20:49, 1289659.41, 386.01, 961229619, 3341, 161, 5290
2024-09-27 19:20:54, 1240701.0, 375.97, 960600473, 3300, 80, 5290
2024-09-27 19:20:58, 1272909.0, 385.73, 960705331, 3300, 80, 5249
2024-09-27 19:21:03, 1233027.25, 377.65, 961019904, 3265, 80, 5330
2024-09-27 19:21:08, 1252584.41, 378.31, 961334476, 3311, 0, 5128
2024-09-27 19:21:12, 1320264.4, 377.65, 960705331, 3496, 161, 5402
2024-09-27 19:21:17, 1185217.6, 368.08, 961229619, 3220, 241, 5290
2024-09-27 19:21:22, 1287473.88, 384.78, 960705331, 3346, 121, 5209
2024-09-27 19:21:26, 1245766.92, 376.82, 961124761, 3306, 80, 5322
2024-09-27 19:21:31, 1362385.44, 385.29, 961334476, 3536, 80, 5362
2024-09-27 19:21:36, 1120089.6, 370.4, 961544192, 3024, 120, 5249
2024-09-27 19:21:40, 1243396.6, 381.41, 961858764, 3260, 322, 5483
2024-09-27 19:21:45, 1175738.25, 364.57, 960810188, 3225, 80, 5169
2024-09-27 19:21:50, 1252577.28, 378.88, 960915046, 3306, 0, 5249
2024-09-27 19:21:55, 1253821.4, 388.18, 960600473, 3230, 121, 5209
2024-09-27 19:21:59, 1244642.88, 376.48, 960915046, 3306, 161, 5322
2024-09-27 19:22:04, 1280714.96, 382.76, 961544192, 3346, 120, 5402
2024-09-27 19:22:09, 1219281.6, 373.44, 960705331, 3265, 121, 5209
2024-09-27 19:22:13, 1241299.08, 370.98, 961544192, 3346, 121, 5169
2024-09-27 19:22:18, 1278529.38, 386.73, 961334476, 3306, 161, 5322
2024-09-27 19:22:23, 1259685.18, 381.03, 961124761, 3306, 80, 5290
2024-09-27 19:22:27, 1252152.0, 379.44, 960915046, 3300, 120, 5120
2024-09-27 19:22:32, 1121674.12, 366.68, 960810188, 3059, 80, 5160
2024-09-27 19:22:37, 1376173.26, 388.53, 961334476, 3542, 120, 5402
2024-09-27 19:22:41, 1233355.8, 378.33, 961019904, 3260, 120, 5249
2024-09-27 19:22:46, 1307541.74, 373.37, 961334476, 3502, 120, 5402
2024-09-27 19:22:51, 254152.5, 386.25, 960705331, 658, 82, 2510
2024-09-27 19:22:55, 1268090.86, 374.51, 961334476, 3386, 80, 5249
2024-09-27 19:23:00, 1354535.52, 383.07, 961544192, 3536, 120, 5402
2024-09-27 19:23:05, 1200768.0, 377.6, 961019904, 3180, 120, 5322
2024-09-27 19:23:09, 1241720.55, 372.33, 961649049, 3335, 281, 5483
2024-09-27 19:23:14, 1279608.0, 387.76, 961753907, 3300, 80, 5362
2024-09-27 19:23:19, 1302374.04, 368.84, 961753907, 3531, 321, 5747
2024-09-27 19:23:23, 1272769.4, 386.86, 961439334, 3290, 401, 5506
2024-09-27 19:23:28, 277505.28, 282.88, 961544192, 981, 327, 3312
2024-09-27 19:23:33, 1250891.22, 378.37, 961649049, 3306, 120, 5209
2024-09-27 19:23:38, 1277702.88, 386.48, 960810188, 3306, 80, 5128
2024-09-27 19:23:42, 1237799.7, 375.66, 961019904, 3295, 322, 5555
2024-09-27 19:23:47, 1251258.0, 389.8, 961649049, 3210, 321, 5394
2024-09-27 19:23:52, 1287797.84, 376.99, 960810188, 3416, 120, 5362
2024-09-27 19:23:56, 1279488.12, 387.02, 961649049, 3306, 121, 5209
2024-09-27 19:24:01, 1216441.05, 372.57, 961858764, 3265, 0, 5128
2024-09-27 19:24:06, 1188316.8, 387.2, 962173337, 3069, 121, 4967
2024-09-27 19:24:10, 934242.54, 282.59, 961858764, 3306, 161, 5290
2024-09-27 19:24:15, 1342902.08, 379.78, 960915046, 3536, 120, 5402
2024-09-27 19:24:20, 1257090.3, 385.02, 960915046, 3265, 80, 5290
2024-09-27 19:24:24, 1253746.2, 374.7, 961334476, 3346, 120, 5201
2024-09-27 19:24:29, 1273404.0, 385.88, 961439334, 3300, 120, 5362
2024-09-27 19:24:34, 1263621.34, 373.19, 961334476, 3386, 80, 5362
2024-09-27 19:24:38, 1171199.33, 382.87, 961753907, 3059, 120, 5169
2024-09-27 19:24:43, 1208665.5, 374.78, 960810188, 3225, 80, 5249
2024-09-27 19:24:48, 1292145.6, 385.6, 962173337, 3351, 0, 5169
2024-09-27 19:24:52, 1235267.3, 384.22, 961019904, 3215, 120, 5273
2024-09-27 19:24:57, 1261498.05, 386.37, 962068480, 3265, 120, 5290
2024-09-27 19:25:02, 1264453.4, 377.9, 961649049, 3346, 120, 5322
2024-09-27 19:25:07, 1232758.8, 387.66, 961334476, 3180, 120, 5120
2024-09-27 19:25:11, 186895.02, 378.33, 961019904, 494, 82, 2510
2024-09-27 19:25:16, 1309062.56, 370.21, 961019904, 3536, 120, 5362
2024-09-27 19:25:21, 1245174.0, 386.7, 960810188, 3220, 241, 5281
2024-09-27 19:25:25, 1309205.87, 379.37, 962068480, 3451, 321, 5676
2024-09-27 19:25:30, 1232871.2, 386.48, 960915046, 3190, 0, 4934
2024-09-27 19:25:35, 1123904.91, 376.77, 960810188, 2983, 120, 5362
2024-09-27 19:25:39, 1362173.28, 385.23, 960915046, 3536, 120, 5322
2024-09-27 19:25:44, 1279129.22, 377.77, 962173337, 3386, 120, 5322
2024-09-27 19:25:49, 1261236.85, 386.29, 961753907, 3265, 120, 5209
2024-09-27 19:25:53, 1250527.56, 378.26, 961649049, 3306, 120, 5322
2024-09-27 19:25:58, 1300366.41, 384.61, 961544192, 3381, 120, 5290
2024-09-27 19:26:03, 1222774.5, 371.1, 961229619, 3295, 362, 5474
2024-09-27 19:26:07, 1284149.58, 388.43, 961229619, 3306, 120, 5281
2024-09-27 19:26:12, 1280664.0, 388.08, 961649049, 3300, 40, 4959
2024-09-27 19:26:17, 1247751.0, 374.7, 961334476, 3330, 401, 5716
2024-09-27 19:26:21, 1271171.8, 389.93, 961753907, 3260, 120, 5322
2024-09-27 19:26:26, 1221071.1, 369.35, 961753907, 3306, 120, 5249
2024-09-27 19:26:31, 1269510.0, 384.7, 961963622, 3300, 120, 5281
2024-09-27 19:26:36, 1258624.85, 385.49, 961858764, 3265, 120, 5322
2024-09-27 19:26:40, 1238163.12, 374.52, 961753907, 3306, 120, 5322
2024-09-27 19:26:45, 1212689.87, 386.33, 960810188, 3139, 281, 5586
2024-09-27 19:26:50, 1234508.24, 361.39, 961334476, 3416, 80, 5322
2024-09-27 19:26:54, 1339355.71, 391.51, 961019904, 3421, 120, 5281
2024-09-27 19:26:59, 1126894.8, 322.8, 961019904, 3491, 321, 5676
2024-09-27 19:27:04, 157222.0, 120.94, 951477862, 1300, 406, 3744
2024-09-27 19:27:08, 1234091.95, 387.47, 952526438, 3185, 121, 5088
2024-09-27 19:27:13, 1314967.68, 371.88, 951687577, 3536, 80, 5362
2024-09-27 19:27:18, 1319564.48, 373.18, 952002150, 3536, 120, 5322
2024-09-27 19:27:22, 1291995.2, 382.7, 952107008, 3376, 241, 5362
2024-09-27 19:27:27, 1304422.64, 385.24, 952316723, 3386, 120, 5249
2024-09-27 19:27:32, 1137004.05, 349.31, 951582720, 3255, 201, 5354
2024-09-27 19:27:36, 1174553.6, 378.4, 951373004, 3104, 80, 5007
2024-09-27 19:27:41, 1285257.88, 379.58, 952316723, 3386, 0, 5096
2024-09-27 19:27:46, 1228275.0, 386.25, 951582720, 3180, 281, 5402
2024-09-27 19:27:50, 1211057.4, 371.49, 961753907, 3260, 241, 5362
2024-09-27 19:27:55, 1277570.64, 386.44, 961124761, 3306, 120, 5249
2024-09-27 19:28:00, 1242704.4, 371.4, 961753907, 3346, 80, 5249
2024-09-27 19:28:04, 1366355.76, 386.96, 961124761, 3531, 361, 5676
2024-09-27 19:28:09, 1331685.74, 375.97, 960600473, 3542, 80, 5322
2024-09-27 19:28:14, 1304592.66, 385.86, 961544192, 3381, 161, 5362
2024-09-27 19:28:18, 1272115.74, 380.19, 961544192, 3346, 120, 5281
2024-09-27 19:28:23, 1261375.08, 376.98, 960810188, 3346, 0, 5169
2024-09-27 19:28:28, 1294180.1, 388.06, 960810188, 3335, 321, 5586
2024-09-27 19:28:33, 1246163.64, 376.94, 960705331, 3306, 120, 5290
2024-09-27 19:28:37, 1271754.0, 385.38, 961124761, 3300, 120, 5233
2024-09-27 19:28:42, 1238316.55, 379.27, 961544192, 3265, 80, 5241
2024-09-27 19:28:47, 1362726.9, 404.37, 960705331, 3370, 401, 5747
2024-09-27 19:28:51, 1007827.8, 312.99, 961019904, 3220, 120, 5362
2024-09-27 19:28:56, 1280037.33, 383.13, 961019904, 3341, 361, 5827
2024-09-27 19:29:01, 1263555.0, 387.0, 961019904, 3265, 120, 5209
2024-09-27 19:29:05, 1212065.95, 371.23, 961334476, 3265, 40, 5088
2024-09-27 19:29:10, 1234028.25, 387.45, 961439334, 3185, 120, 5169
2024-09-27 19:29:15, 1255914.0, 380.58, 961544192, 3300, 161, 5362
2024-09-27 19:29:19, 1352147.92, 386.77, 961544192, 3496, 80, 5322
2024-09-27 19:29:24, 1240371.0, 375.87, 961439334, 3300, 120, 5281
2024-09-27 19:29:29, 1260453.25, 386.05, 960915046, 3265, 80, 5249
2024-09-27 19:29:33, 1296618.4, 380.24, 960810188, 3410, 161, 5354
2024-09-27 19:29:38, 1273569.0, 385.93, 960810188, 3300, 80, 5241
2024-09-27 19:29:43, 1259982.72, 381.12, 961753907, 3306, 120, 5290
2024-09-27 19:29:48, 1321497.66, 390.86, 961544192, 3381, 80, 5322
2024-09-27 19:29:52, 1334470.83, 377.93, 961334476, 3531, 200, 5474
2024-09-27 19:29:57, 1272331.3, 386.14, 961753907, 3295, 362, 5443
2024-09-27 19:30:02, 1259478.0, 381.66, 961124761, 3300, 281, 5443
2024-09-27 19:30:06, 1307334.6, 386.1, 961229619, 3386, 120, 5209
2024-09-27 19:30:11, 1228563.75, 380.95, 961019904, 3225, 80, 5241
2024-09-27 19:30:16, 1319918.08, 373.28, 960705331, 3536, 120, 5362
2024-09-27 19:30:20, 1325192.77, 387.37, 961019904, 3421, 120, 5249
2024-09-27 19:30:25, 1264598.65, 379.19, 960915046, 3335, 322, 5483
2024-09-27 19:30:30, 1229282.6, 385.96, 961439334, 3185, 120, 5209
2024-09-27 19:30:34, 1196335.54, 365.74, 961649049, 3271, 0, 5128
2024-09-27 19:30:39, 1273470.0, 385.9, 961019904, 3300, 120, 5241
2024-09-27 19:30:44, 1251360.0, 379.2, 961649049, 3300, 120, 5362
2024-09-27 19:30:48, 1313361.68, 387.88, 962173337, 3386, 120, 5209
2024-09-27 19:30:53, 1257025.28, 375.68, 961124761, 3346, 120, 5209
2024-09-27 19:30:58, 1127200.48, 336.88, 962173337, 3346, 40, 5169
2024-09-27 19:31:03, 1216068.0, 373.6, 961649049, 3255, 201, 5515
2024-09-27 19:31:07, 1363764.48, 385.68, 961019904, 3536, 80, 5322
2024-09-27 19:31:12, 1203707.55, 368.67, 961649049, 3265, 120, 5249
2024-09-27 19:31:17, 1214631.46, 363.01, 961124761, 3346, 120, 5249
2024-09-27 19:31:21, 1274769.6, 386.88, 961124761, 3295, 161, 5313
2024-09-27 19:31:26, 1190852.73, 384.27, 960915046, 3099, 120, 5209
2024-09-27 19:31:31, 1284215.7, 388.45, 961229619, 3306, 120, 5515
2024-09-27 19:31:35, 1307404.8, 378.3, 960915046, 3456, 321, 5787
2024-09-27 19:31:40, 1158178.68, 387.61, 961124761, 2988, 80, 4846
2024-09-27 19:31:45, 1268317.44, 366.99, 961019904, 3456, 161, 5555
2024-09-27 19:31:49, 1296541.54, 387.49, 961753907, 3346, 120, 5322
2024-09-27 19:31:54, 1323580.9, 377.95, 961649049, 3502, 80, 5330
2024-09-27 19:31:59, 1276996.04, 377.14, 961753907, 3386, 121, 5281
2024-09-27 19:32:03, 1250667.88, 373.78, 960915046, 3346, 0, 5048
2024-09-27 19:32:08, 1173619.85, 351.91, 961334476, 3335, 362, 5595
2024-09-27 19:32:13, 1272860.25, 389.85, 961019904, 3265, 120, 5322
2024-09-27 19:32:17, 1262981.16, 377.46, 961753907, 3346, 120, 5281
2024-09-27 19:32:22, 1279917.9, 387.15, 961544192, 3306, 80, 5209
2024-09-27 19:32:27, 1295571.2, 387.2, 960915046, 3346, 0, 5169
2024-09-27 19:32:32, 1353330.42, 390.91, 961649049, 3462, 80, 5322
2024-09-27 19:32:37, 1165033.16, 371.74, 961753907, 3134, 120, 5193
2024-09-27 19:32:41, 1246626.48, 377.08, 961019904, 3306, 120, 5362
2024-09-27 19:32:46, 1168789.44, 330.54, 961649049, 3536, 161, 5443
2024-09-27 19:32:51, 1077011.37, 357.93, 961124761, 3009, 401, 5394
2024-09-27 19:32:55, 1274691.73, 381.53, 961649049, 3341, 120, 5322
2024-09-27 19:33:00, 1350575.2, 381.95, 961334476, 3536, 120, 5362
2024-09-27 19:33:05, 1374858.85, 421.09, 961753907, 3265, 120, 5209
2024-09-27 19:33:09, 1226980.2, 387.06, 961439334, 3170, 361, 5617
2024-09-27 19:33:14, 1058952.6, 322.36, 961124761, 3285, 361, 5658
2024-09-27 19:33:19, 1277899.85, 387.83, 961019904, 3295, 201, 5193
2024-09-27 19:33:23, 1309937.86, 369.83, 961229619, 3542, 40, 5281
2024-09-27 19:33:28, 1276428.93, 377.53, 960915046, 3381, 120, 5362
2024-09-27 19:33:33, 1302391.04, 384.64, 961753907, 3386, 120, 5290
2024-09-27 19:33:37, 1300257.92, 367.72, 961124761, 3536, 120, 5443
2024-09-27 19:33:42, 1255363.5, 389.26, 961229619, 3225, 120, 5249
2024-09-27 19:33:47, 1123683.66, 366.14, 961544192, 3069, 121, 4926
2024-09-27 19:33:51, 1287072.36, 384.66, 961753907, 3346, 121, 5249
2024-09-27 19:33:56, 1241403.0, 375.5, 960705331, 3306, 0, 5169
2024-09-27 19:34:01, 1230265.4, 382.07, 961649049, 3220, 120, 5290
2024-09-27 19:34:06, 1295480.75, 388.45, 961334476, 3335, 281, 5443
2024-09-27 19:34:10, 1277740.96, 377.36, 961229619, 3386, 120, 5402
2024-09-27 19:34:15, 576244.63, 392.27, 961544192, 1469, 81, 3511
2024-09-27 19:34:20, 1221180.3, 380.43, 961019904, 3210, 401, 5707
2024-09-27 19:34:24, 1306758.98, 385.93, 961649049, 3386, 120, 5290
2024-09-27 19:34:29, 1232562.5, 379.25, 961439334, 3250, 401, 5595
2024-09-27 19:34:34, 1255491.2, 385.12, 960705331, 3260, 120, 5281
2024-09-27 19:34:38, 1340087.28, 374.64, 961649049, 3577, 120, 5443
2024-09-27 19:34:43, 1266573.0, 383.81, 961124761, 3300, 120, 5281
2024-09-27 19:34:48, 1195736.75, 376.61, 960810188, 3175, 401, 5747
2024-09-27 19:34:52, 1263189.54, 382.09, 961334476, 3306, 120, 5281
2024-09-27 19:34:57, 1289614.83, 381.43, 961753907, 3381, 120, 5249
2024-09-27 19:35:02, 1202722.8, 372.36, 962278195, 3230, 80, 5443
2024-09-27 19:35:07, 1304829.33, 385.93, 961124761, 3381, 161, 5290
2024-09-27 19:35:11, 1342701.36, 379.08, 961334476, 3542, 80, 5443
2024-09-27 19:35:16, 1253769.0, 379.93, 962383052, 3300, 120, 5362
2024-09-27 19:35:21, 1313975.18, 367.34, 961334476, 3577, 120, 5402
2024-09-27 19:35:25, 1374973.6, 388.85, 961334476, 3536, 120, 5443
2024-09-27 19:35:30, 1238074.37, 370.57, 961649049, 3341, 241, 5443
2024-09-27 19:35:35, 1247287.68, 377.28, 961124761, 3306, 120, 5322
2024-09-27 19:35:39, 1199822.26, 387.79, 961858764, 3094, 120, 5241
2024-09-27 19:35:44, 1323786.24, 383.04, 962278195, 3456, 120, 5402
2024-09-27 19:35:49, 1286042.7, 385.62, 960915046, 3335, 241, 5443
2024-09-27 19:35:53, 1235443.35, 378.39, 961649049, 3265, 120, 5322
2024-09-27 19:35:58, 1259761.8, 386.43, 961124761, 3260, 241, 5443
2024-09-27 19:36:03, 1175493.2, 365.06, 961439334, 3220, 80, 5241
2024-09-27 19:36:07, 1318058.47, 384.61, 961439334, 3427, 0, 5209
2024-09-27 19:36:12, 1135722.06, 387.09, 961019904, 2934, 322, 5443
2024-09-27 19:36:17, 1179636.2, 375.8, 961544192, 3139, 201, 5402
2024-09-27 19:36:21, 1274658.0, 386.26, 961753907, 3300, 120, 5241
2024-09-27 19:36:26, 1252240.21, 374.81, 962278195, 3341, 120, 5322
2024-09-27 19:36:31, 1318298.85, 373.35, 961544192, 3531, 321, 5635
2024-09-27 19:36:35, 1232817.95, 387.07, 961229619, 3185, 161, 5281
2024-09-27 19:36:40, 1234353.68, 357.68, 961229619, 3451, 401, 5635
2024-09-27 19:36:45, 1351918.88, 382.33, 961124761, 3536, 120, 5362
2024-09-27 19:36:50, 1297196.39, 375.89, 961334476, 3451, 361, 5707
2024-09-27 19:36:54, 1277364.0, 387.08, 961334476, 3300, 241, 5635
2024-09-27 19:36:59, 1261503.48, 381.58, 961229619, 3306, 120, 5322
2024-09-27 19:37:04, 1273656.02, 381.22, 961544192, 3341, 120, 5362
2024-09-27 19:37:08, 1330455.01, 381.11, 961858764, 3491, 361, 5707
2024-09-27 19:37:13, 1232472.2, 377.48, 961858764, 3265, 40, 5201
2024-09-27 19:37:18, 1162861.48, 385.82, 961963622, 3014, 401, 5394
2024-09-27 19:37:22, 1299008.72, 371.57, 962068480, 3496, 120, 5443
2024-09-27 19:37:27, 1227700.56, 390.49, 961439334, 3144, 120, 5169
2024-09-27 19:37:32, 1367630.18, 382.34, 961963622, 3577, 120, 5443
2024-09-27 19:37:36, 1309129.18, 386.63, 961858764, 3386, 0, 5474
2024-09-27 19:37:41, 1204113.6, 371.64, 962173337, 3240, 641, 5979
2024-09-27 19:37:46, 1228652.75, 367.75, 961649049, 3341, 120, 5362
2024-09-27 19:37:50, 1351064.16, 386.46, 961963622, 3496, 120, 5402
2024-09-27 19:37:55, 1213296.0, 376.8, 962173337, 3220, 0, 5249
2024-09-27 19:38:00, 1290828.0, 391.16, 961963622, 3300, 282, 5402
2024-09-27 19:38:05, 1236928.16, 349.81, 961858764, 3536, 120, 5402
2024-09-27 19:38:09, 1276428.93, 377.53, 962173337, 3381, 120, 5322
2024-09-27 19:38:14, 1176850.56, 379.14, 961124761, 3104, 121, 4886
2024-09-27 19:38:19, 1253813.12, 374.72, 962068480, 3346, 0, 5096
2024-09-27 19:38:23, 1247203.5, 392.82, 962278195, 3175, 361, 5676
2024-09-27 19:38:28, 1321522.65, 369.45, 961649049, 3577, 120, 5402
2024-09-27 19:38:33, 1195816.0, 385.25, 961649049, 3104, 121, 5048
2024-09-27 19:38:37, 1202436.0, 378.72, 961124761, 3175, 362, 5474
2024-09-27 19:38:42, 1262704.13, 386.03, 960915046, 3271, 0, 5015
2024-09-27 19:38:47, 1336152.58, 373.54, 961124761, 3577, 120, 5402
2024-09-27 19:38:51, 1230975.9, 360.99, 961649049, 3410, 361, 5635
2024-09-27 19:38:56, 1322944.06, 390.71, 961963622, 3386, 80, 5249
2024-09-27 19:39:01, 1299749.96, 383.86, 961753907, 3386, 0, 5209
2024-09-27 19:39:05, 1275988.75, 387.25, 961439334, 3295, 321, 5778
2024-09-27 19:39:10, 1250007.0, 378.79, 961229619, 3300, 120, 5290
2024-09-27 19:39:15, 1295740.03, 387.83, 961229619, 3341, 120, 5322
2024-09-27 19:39:19, 1252642.02, 374.37, 962068480, 3346, 120, 5322
2024-09-27 19:39:24, 1145592.8, 388.6, 962278195, 2948, 40, 4341
2024-09-27 19:39:29, 1308797.52, 374.37, 961124761, 3496, 161, 5474
2024-09-27 19:39:33, 1252507.49, 374.89, 961334476, 3341, 281, 5707
2024-09-27 19:39:38, 1285648.32, 380.82, 961544192, 3376, 120, 5281
2024-09-27 19:39:43, 1214567.25, 376.61, 962278195, 3225, 40, 5209
2024-09-27 19:39:47, 1281016.1, 382.85, 961439334, 3346, 40, 5056
2024-09-27 19:39:52, 1280381.76, 379.26, 961439334, 3376, 120, 5233
2024-09-27 19:39:57, 1360491.98, 388.49, 961544192, 3502, 40, 5290
2024-09-27 19:40:02, 1313270.4, 371.4, 961334476, 3536, 80, 5402
2024-09-27 19:40:06, 1367425.44, 391.14, 962278195, 3496, 120, 5402
2024-09-27 19:40:11, 1308683.52, 378.67, 962068480, 3456, 161, 5443
2024-09-27 19:40:16, 1285359.46, 379.61, 961334476, 3386, 120, 5322
2024-09-27 19:40:20, 1263207.0, 382.79, 961963622, 3300, 120, 5322
2024-09-27 19:40:25, 1347241.28, 376.64, 961439334, 3577, 120, 5402
2024-09-27 19:40:30, 1267799.5, 388.3, 961753907, 3265, 0, 5169
2024-09-27 19:40:34, 1241987.35, 372.41, 961544192, 3335, 362, 5555
2024-09-27 19:40:39, 1170875.68, 331.13, 961124761, 3536, 120, 5443
2024-09-27 19:40:44, 1314374.32, 384.77, 961753907, 3416, 120, 5362
