start_time,end_time,req_delay,req_acc,prediction,probability,qoe,acc_qoe,delay_qoe
2024-09-22 16:41:58.690,2024-09-22 16:41:59.001,0.051,0.849,tabby,0.08055560290813446,0.129505749164116,0.0948829245089923,0.1641285738192397
2024-09-22 16:41:59.070,2024-09-22 16:41:59.267,0.05,0.849,tabby,0.7086167931556702,0.5440600222481533,0.8346487551892464,0.2534712893070602
2024-09-22 16:41:59.289,2024-09-22 16:41:59.488,0.052,0.85,tabby,0.6061846613883972,0.4870423567431844,0.7131584251628202,0.2609262883235486
2024-09-22 16:41:59.507,2024-09-22 16:41:59.772,0.05,0.851,patas,0.5326463580131531,0.4073951118297935,0.6259064136464784,0.18888381001310856
2024-09-22 16:41:59.785,2024-09-22 16:41:59.983,0.05,0.849,Persian cat,0.1493849903345108,0.2145375169620492,0.17595405221968294,0.2531209817044155
2024-09-22 16:41:59.997,2024-09-22 16:42:00.282,0.05,0.849,Siamese cat,0.7628540396690369,0.5367666126381305,0.8985324377727172,0.17500078750354378
2024-09-22 16:42:00.310,2024-09-22 16:42:00.379,0.049,0.852,tabby,0.5416022539138794,0.669136470466515,0.6356833966125345,0.7025895443204956
2024-09-22 16:42:00.426,2024-09-22 16:42:00.466,0.05,0.85,tabby,0.8915907144546509,1.0,1.0,1.0
2024-09-22 16:42:00.498,2024-09-22 16:42:00.547,0.047,0.85,squirrel monkey,0.24624043703079224,0.6279192422268581,0.289694631800932,0.9661438526527842
2024-09-22 16:42:00.561,2024-09-22 16:42:00.611,0.052,0.849,Siamese cat,0.45194220542907715,0.7661614872962763,0.5323229745925526,1.0
2024-09-22 16:42:00.625,2024-09-22 16:42:00.665,0.049,0.852,Egyptian cat,0.5259339213371277,0.808646667451366,0.6172933349027321,1.0
2024-09-22 16:42:00.681,2024-09-22 16:42:00.733,0.051,0.85,Cardigan,0.20030248165130615,0.6109502430211196,0.23564997841330138,0.9862505076289377
2024-09-22 16:42:00.749,2024-09-22 16:42:00.786,0.049,0.849,tabby,0.6690649390220642,0.8940311772803676,0.7880623545607353,1.0
2024-09-22 16:42:00.802,2024-09-22 16:42:00.857,0.05,0.85,Egyptian cat,0.47462141513824463,0.7352519679235742,0.5583781354567584,0.9121258003903899
2024-09-22 16:42:00.876,2024-09-22 16:42:00.939,0.049,0.848,Persian cat,0.9528757333755493,0.88724157552001,1.0,0.7744831510400202
2024-09-22 16:42:00.965,2024-09-22 16:42:01.035,0.05,0.85,tabby,0.4301949441432953,0.6090392179530818,0.5061116989921122,0.7119667369140514
2024-09-22 16:42:01.055,2024-09-22 16:42:01.103,0.051,0.851,tabby,0.5612643957138062,0.8297675650492398,0.6595351300984796,1.0
2024-09-22 16:42:01.135,2024-09-22 16:42:01.180,0.051,0.85,Egyptian cat,0.25608256459236145,0.6506368027013891,0.3012736054027782,1.0
2024-09-22 16:42:01.197,2024-09-22 16:42:01.246,0.049,0.851,skunk,0.25692832469940186,0.6437954637212893,0.30191342502867435,0.9856775024139042
2024-09-22 16:42:01.260,2024-09-22 16:42:01.306,0.049,0.851,Egyptian cat,0.536909282207489,0.8154578626365976,0.6309157252731951,1.0
2024-09-22 16:42:01.323,2024-09-22 16:42:01.357,0.05,0.85,Chihuahua,0.5740042924880981,0.8376495838165283,0.6752991676330566,1.0
2024-09-22 16:42:01.378,2024-09-22 16:42:01.430,0.049,0.849,tabby,0.8610654473304749,0.9748154033992907,1.0,0.9496308067985815
2024-09-22 16:42:01.479,2024-09-22 16:42:01.518,0.051,0.851,Persian cat,0.9848653078079224,1.0,1.0,1.0
2024-09-22 16:42:01.533,2024-09-22 16:42:01.567,0.05,0.849,lynx,0.29311537742614746,0.6726238971885439,0.3452477943770877,1.0
2024-09-22 16:42:01.581,2024-09-22 16:42:01.635,0.05,0.85,Chihuahua,0.13223449885845184,0.5466258372408466,0.15556999865700216,0.9376816758246911
2024-09-22 16:42:01.649,2024-09-22 16:42:01.846,0.049,0.85,Persian cat,0.2847291827201843,0.2919163985230015,0.3349755090825698,0.24885728796343323
2024-09-22 16:42:01.856,2024-09-22 16:42:02.069,0.05,0.85,Walker hound,0.08188513666391373,0.16581810816599302,0.09633545489872203,0.23530076143326403
2024-09-22 16:42:02.088,2024-09-22 16:42:02.182,0.05,0.85,Siamese cat,0.327375590801239,0.4586275559321784,0.3851477538838106,0.5321073579805462
2024-09-22 16:42:02.205,2024-09-22 16:42:02.267,0.05,0.849,Siberian husky,0.48121586441993713,0.6828966074235312,0.5668031383038129,0.7989900765432494
2024-09-22 16:42:02.284,2024-09-22 16:42:02.318,0.05,0.851,tub,0.22955989837646484,0.634876556037876,0.26975311207575187,1.0
2024-09-22 16:42:02.335,2024-09-22 16:42:02.372,0.049,0.85,Chihuahua,0.490797221660614,0.7887042480356553,0.5774084960713106,1.0
2024-09-22 16:42:02.390,2024-09-22 16:42:02.451,0.049,0.85,Pembroke,0.5988643765449524,0.7554458851590201,0.7045463253470028,0.8063454449710374
2024-09-22 16:42:02.468,2024-09-22 16:42:02.508,0.049,0.85,tabby,0.8408992290496826,0.9946466053233427,0.9892932106466854,1.0
2024-09-22 16:42:02.524,2024-09-22 16:42:02.593,0.049,0.851,tabby,0.4979592263698578,0.6497210518492746,0.5851459769328529,0.7142961267656964
2024-09-22 16:42:02.608,2024-09-22 16:42:02.753,0.049,0.848,Persian cat,0.6642943024635315,0.561011659462424,0.7833659227164287,0.33865739620841945
2024-09-22 16:42:02.772,2024-09-22 16:42:02.893,0.049,0.851,Maltese dog,0.19987601041793823,0.3192764192357996,0.2348719276356501,0.40368091083594904
2024-09-22 16:42:02.910,2024-09-22 16:42:02.950,0.051,0.851,tiger cat,0.6133793592453003,0.8603874026118098,0.7207748052236196,1.0
2024-09-22 16:42:02.972,2024-09-22 16:42:03.014,0.053,0.852,Persian cat,0.8856371641159058,1.0,1.0,1.0
2024-09-22 16:42:03.031,2024-09-22 16:42:03.077,0.05,0.85,Persian cat,0.8232443332672119,0.9842613725101247,0.9685227450202494,1.0
2024-09-22 16:42:03.098,2024-09-22 16:42:03.134,0.049,0.85,Egyptian cat,0.34316086769104004,0.7018593339359059,0.4037186678718118,1.0
2024-09-22 16:42:03.156,2024-09-22 16:42:03.195,0.05,0.851,schipperke,0.7666003108024597,0.9504114634562043,0.9008229269124086,1.0
2024-09-22 16:42:03.223,2024-09-22 16:42:03.365,0.05,0.85,Angora,0.2027134895324707,0.2947150729246933,0.23848645827349496,0.3509436875758916
2024-09-22 16:42:03.390,2024-09-22 16:42:03.706,0.05,0.85,papillon,0.3512052893638611,0.2856567305945023,0.41318269336924834,0.15813076781975624
2024-09-22 16:42:03.726,2024-09-22 16:42:03.828,0.049,0.851,Pekinese,0.227291077375412,0.3731616994944911,0.26708704744466744,0.4792363515443147
2024-09-22 16:42:03.839,2024-09-22 16:42:04.269,0.05,0.849,Egyptian cat,0.40955984592437744,0.29928156169988995,0.48240264537618077,0.11616047802359916
2024-09-22 16:42:04.477,2024-09-22 16:42:05.838,0.05,0.849,Persian cat,0.8378428220748901,0.5117923629934052,0.9868584476736044,0.03672627831320611
2024-09-22 16:42:05.865,2024-09-22 16:42:06.467,0.05,0.851,lynx,0.9833372235298157,0.5414787678483138,1.0,0.08295753569662762
2024-09-22 16:42:06.486,2024-09-22 16:42:06.719,0.05,0.85,tabby,0.625318169593811,0.4754694287606252,0.7356684348162483,0.21527042270500205
2024-09-22 16:42:06.750,2024-09-22 16:42:06.884,0.049,0.851,Egyptian cat,0.28352969884872437,0.348647572732091,0.3331723840760568,0.36412276138812516
2024-09-22 16:42:06.963,2024-09-22 16:42:07.037,0.048,0.85,Siberian husky,0.3304891586303711,0.5222025902268329,0.38881077485926013,0.6555944055944056
2024-09-22 16:42:07.061,2024-09-22 16:42:07.141,0.049,0.85,tiger cat,0.40427058935165405,0.5459590728409147,0.47561245806076946,0.6163056876210601
2024-09-22 16:42:07.158,2024-09-22 16:42:07.219,0.049,0.85,Egyptian cat,0.5220786929130554,0.7104968974578514,0.6142102269565358,0.806783567959167
2024-09-22 16:42:07.255,2024-09-22 16:42:08.020,0.049,0.85,Persian cat,0.7757687568664551,0.4883700032126307,0.9126691257252413,0.06407088070002014
2024-09-22 16:42:08.045,2024-09-22 16:42:08.821,0.048,0.851,Egyptian cat,0.07470177114009857,0.07481311752253036,0.0877811646769666,0.061845070368094134
2024-09-22 16:42:08.843,2024-09-22 16:42:09.019,0.052,0.85,schipperke,0.8061453104019165,0.6223276395126087,0.9484062475316665,0.29624903149355086
2024-09-22 16:42:09.037,2024-09-22 16:42:09.309,0.05,0.851,kelpie,0.5835420489311218,0.4349051517745091,0.6857133359942678,0.18409696755475044
2024-09-22 16:42:09.334,2024-09-22 16:42:09.525,0.05,0.849,Egyptian cat,0.5483731627464294,0.4534904706230819,0.6459047853314834,0.26107615591468036
2024-09-22 16:42:09.546,2024-09-22 16:42:09.706,0.047,0.852,capuchin,0.1945420354604721,0.2610355178028922,0.22833572237144614,0.29373531323433827
2024-09-22 16:42:09.720,2024-09-22 16:42:09.878,0.049,0.849,Tibetan mastiff,0.40710633993148804,0.3946089579698169,0.47951276788161135,0.30970514805802235
2024-09-22 16:42:09.991,2024-09-22 16:42:10.220,0.049,0.849,lynx,0.4514939785003662,0.37294471510187344,0.5317950276800545,0.2140944025236924
2024-09-22 16:42:10.238,2024-09-22 16:42:10.474,0.049,0.851,tabby,0.5275583267211914,0.4137971222865787,0.6199275284620346,0.2076667161111229
2024-09-22 16:42:10.488,2024-09-22 16:42:10.691,0.051,0.851,tabby,0.24832028150558472,0.27135418997839666,0.29179821563523467,0.2509101643215586
2024-09-22 16:42:10.720,2024-09-22 16:42:11.309,0.05,0.85,Egyptian cat,0.5758084058761597,0.3811048334909126,0.6774216539719525,0.08478801300987272
2024-09-22 16:42:11.393,2024-09-22 16:42:11.461,0.049,0.849,Staffordshire bullterrier,0.10885237157344818,0.42214679408566236,0.12821245179440305,0.7160811363769217
2024-09-22 16:42:11.480,2024-09-22 16:42:12.206,0.048,0.851,tabby,0.09327199310064316,0.08784419232996334,0.10960281210416352,0.06608557255576315
2024-09-22 16:42:12.254,2024-09-22 16:42:14.323,0.052,0.85,Egyptian cat,0.13940837979316711,0.09457552405812007,0.16400985858019662,0.025141189536043523
2024-09-22 16:42:14.412,2024-09-22 16:42:15.908,0.049,0.85,lynx,0.43406832218170166,0.2717149806453965,0.5106686143314138,0.032761346959379274
2024-09-22 16:42:15.928,2024-09-22 16:42:16.339,0.051,0.847,Persian cat,0.31962135434150696,0.25081132301377174,0.37735697088725734,0.12426567514028619
2024-09-22 16:42:16.360,2024-09-22 16:42:16.796,0.052,0.849,tabby,0.865197479724884,0.5596495816499533,1.0,0.11929916329990661
2024-09-22 16:42:16.819,2024-09-22 16:42:17.213,0.051,0.851,tabby,0.3063000738620758,0.24466327046586256,0.3599295815065521,0.12939695942517304
2024-09-22 16:42:17.230,2024-09-22 16:42:17.394,0.05,0.85,tabby,0.42680928111076355,0.40385920777011053,0.502128566012663,0.3055898495275581
2024-09-22 16:42:17.408,2024-09-22 16:42:17.614,0.052,0.849,tabby,0.5622110366821289,0.45729895801594045,0.6622038123464417,0.2523941036854393
2024-09-22 16:42:17.663,2024-09-22 16:42:17.749,0.051,0.849,tiger cat,0.5939990878105164,0.6475008950769617,0.6996455686814091,0.5953562214725143
2024-09-22 16:42:17.773,2024-09-22 16:42:17.907,0.05,0.85,Siamese cat,0.533911943435669,0.49995880448036745,0.6281316981596106,0.37178591080112433
2024-09-22 16:42:17.927,2024-09-22 16:42:18.041,0.049,0.851,tabby,0.33270806074142456,0.4086260641076185,0.390961293468184,0.4262908347470529
2024-09-22 16:42:18.059,2024-09-22 16:42:18.350,0.047,0.851,Mexican hairless,0.0967656821012497,0.1378349701313798,0.11370820458431222,0.16196173567844738
2024-09-22 16:42:18.382,2024-09-22 16:42:18.439,0.049,0.849,Pembroke,0.6999543905258179,0.8373634015064764,0.8244456896652743,0.8502811133476783
2024-09-22 16:42:18.457,2024-09-22 16:42:18.497,0.051,0.85,tabby,0.16745944321155548,0.5985055548303267,0.19701110966065352,1.0
2024-09-22 16:42:18.512,2024-09-22 16:42:18.572,0.049,0.849,chow,0.07642673701047897,0.45102215326903516,0.09001971379326146,0.8120245927448089
2024-09-22 16:42:18.650,2024-09-22 16:42:18.696,0.051,0.85,tabby,0.43971964716911316,0.7586586159818313,0.5173172319636625,1.0
2024-09-22 16:42:18.712,2024-09-22 16:42:18.761,0.05,0.85,tabby,0.5156524777412415,0.8033249869066126,0.6066499738132253,1.0
2024-09-22 16:42:18.807,2024-09-22 16:42:18.864,0.05,0.85,giant schnauzer,0.14564768970012665,0.520457720283962,0.1713502231766196,0.8695652173913043
2024-09-22 16:42:18.893,2024-09-22 16:42:18.933,0.051,0.85,tabby,0.5205317735671997,0.8061951609218823,0.6123903218437644,1.0
2024-09-22 16:42:18.977,2024-09-22 16:42:19.027,0.051,0.85,Egyptian cat,0.4075070023536682,0.7397100013845107,0.4794200027690214,1.0
2024-09-22 16:42:19.044,2024-09-22 16:42:19.086,0.05,0.848,tabby,0.4844578802585602,0.7856473350581133,0.5712946701162267,1.0
2024-09-22 16:42:19.103,2024-09-22 16:42:19.142,0.052,0.851,Siamese cat,0.37394410371780396,0.719708639082141,0.439417278164282,1.0
2024-09-22 16:42:19.156,2024-09-22 16:42:19.358,0.051,0.85,Siamese cat,0.9960482716560364,0.6261957667506322,1.0,0.2523915335012644
2024-09-22 16:42:19.383,2024-09-22 16:42:19.427,0.05,0.851,schipperke,0.9729640483856201,1.0,1.0,1.0
2024-09-22 16:42:19.457,2024-09-22 16:42:19.520,0.05,0.85,schipperke,0.2524360716342926,0.5467141423380547,0.29698361368740306,0.7964446709887064
2024-09-22 16:42:19.558,2024-09-22 16:42:19.598,0.05,0.852,Egyptian cat,0.3510437607765198,0.7060115966998355,0.4120231933996711,1.0
2024-09-22 16:42:19.621,2024-09-22 16:42:19.666,0.05,0.849,Pembroke,0.18054819107055664,0.6063299122912583,0.21265982458251667,1.0
2024-09-22 16:42:19.682,2024-09-22 16:42:19.748,0.049,0.849,affenpinscher,0.25608131289482117,0.5233011031344327,0.30162698809755145,0.744975218171314
2024-09-22 16:42:19.773,2024-09-22 16:42:19.813,0.049,0.849,Egyptian cat,0.5669957399368286,0.8339197526129734,0.6678395052259466,1.0
2024-09-22 16:42:19.833,2024-09-22 16:42:19.892,0.05,0.849,Egyptian cat,0.5039370059967041,0.719608518628273,0.5935653780879907,0.8456516591685553
2024-09-22 16:42:19.904,2024-09-22 16:42:20.108,0.05,0.851,Egyptian cat,0.3180426061153412,0.3093782330390763,0.37372809179241034,0.2450283742857423
2024-09-22 16:42:20.123,2024-09-22 16:42:20.315,0.049,0.849,stole,0.10764721035957336,0.19062227496345086,0.12679294506427957,0.25445160486262214
2024-09-22 16:42:20.329,2024-09-22 16:42:20.433,0.051,0.85,Cardigan,0.2791128158569336,0.4092467165497501,0.328368018655216,0.49012541444428426
2024-09-22 16:42:20.446,2024-09-22 16:42:20.488,0.049,0.848,tabby,0.7858709096908569,0.9633672816573449,0.9267345633146898,1.0
2024-09-22 16:42:20.513,2024-09-22 16:42:20.558,0.049,0.851,Persian cat,0.304532915353775,0.6789265072583872,0.3578530145167744,1.0
2024-09-22 16:42:20.569,2024-09-22 16:42:20.614,0.05,0.85,Egyptian cat,0.6724671721458435,0.8955689247916727,0.7911378495833453,1.0
2024-09-22 16:42:20.641,2024-09-22 16:42:20.687,0.049,0.85,wombat,0.14069457352161407,0.5827615138362435,0.16552302767248714,1.0
2024-09-22 16:42:20.708,2024-09-22 16:42:20.751,0.05,0.85,hen-of-the-woods,0.6686893701553345,0.8933466883266674,0.7866933766533347,1.0
2024-09-22 16:42:20.771,2024-09-22 16:42:20.817,0.049,0.85,schipperke,0.8720592260360718,1.0,1.0,1.0
2024-09-22 16:42:20.829,2024-09-22 16:42:20.876,0.049,0.85,tiger cat,0.3691624104976654,0.7171543591162738,0.4343087182325475,1.0
2024-09-22 16:42:20.893,2024-09-22 16:42:20.941,0.05,0.85,guinea pig,0.1978391706943512,0.6163759827613831,0.2327519655227661,1.0
2024-09-22 16:42:20.961,2024-09-22 16:42:21.024,0.048,0.85,affenpinscher,0.825059711933136,0.8659614089036209,0.9706584846272188,0.7612643331800232
2024-09-22 16:42:21.077,2024-09-22 16:42:21.123,0.049,0.848,tabby,0.4554056227207184,0.7685174662268387,0.5370349324536774,1.0
2024-09-22 16:42:21.146,2024-09-22 16:42:21.189,0.05,0.851,chimpanzee,0.10165988653898239,0.5597296630663822,0.11945932613276428,1.0
2024-09-22 16:42:21.212,2024-09-22 16:42:21.253,0.05,0.85,lynx,0.281124085187912,0.6653671089340659,0.3307342178681318,1.0
2024-09-22 16:42:21.271,2024-09-22 16:42:21.314,0.05,0.85,tabby,0.8938527703285217,1.0,1.0,1.0
2024-09-22 16:42:21.336,2024-09-22 16:42:21.381,0.05,0.851,Egyptian cat,0.4856128692626953,0.7853189596138046,0.5706379192276091,1.0
2024-09-22 16:42:21.406,2024-09-22 16:42:21.462,0.048,0.85,Persian cat,0.838912308216095,0.923231078371362,0.9869556567248177,0.8595065000179064
2024-09-22 16:42:21.489,2024-09-22 16:42:21.526,0.049,0.851,tabby,0.4249509871006012,0.7496774307289079,0.49935486145781577,1.0
2024-09-22 16:42:21.540,2024-09-22 16:42:21.589,0.052,0.848,Siamese cat,0.9984802603721619,1.0,1.0,1.0
2024-09-22 16:42:21.611,2024-09-22 16:42:21.652,0.05,0.851,carton,0.49385225772857666,0.7901599634127947,0.5803199268255895,1.0
2024-09-22 16:42:21.666,2024-09-22 16:42:21.711,0.051,0.85,schipperke,0.20906034111976624,0.6229766712469214,0.24595334249384262,1.0
2024-09-22 16:42:21.724,2024-09-22 16:42:21.771,0.05,0.849,Egyptian cat,0.5017217397689819,0.7954780564010495,0.5909561128020989,1.0
2024-09-22 16:42:21.793,2024-09-22 16:42:21.838,0.049,0.849,Egyptian cat,0.38625258207321167,0.7274750188888173,0.4549500377776345,1.0
2024-09-22 16:42:21.858,2024-09-22 16:42:21.897,0.05,0.849,Persian cat,0.21972674131393433,0.6294032634357681,0.2588065268715363,1.0
2024-09-22 16:42:21.924,2024-09-22 16:42:22.100,0.051,0.85,tiger cat,0.29545894265174866,0.3192194996130675,0.3475987560608808,0.29084024316525425
2024-09-22 16:42:22.122,2024-09-22 16:42:22.197,0.049,0.851,dishwasher,0.3810845613479614,0.5530280994034127,0.44780794517974315,0.6582482536270822
2024-09-22 16:42:22.217,2024-09-22 16:42:22.271,0.05,0.849,Egyptian cat,0.31225091218948364,0.6456420870990931,0.36778670458125284,0.9234974696169332
2024-09-22 16:42:22.290,2024-09-22 16:42:22.345,0.051,0.851,tabby,0.342714786529541,0.6671219708138174,0.40272007817807404,0.9315238634495607
2024-09-22 16:42:22.362,2024-09-22 16:42:22.480,0.051,0.851,tabby,0.3463875353336334,0.4191791751129179,0.4070358817081474,0.4313224685176884
2024-09-22 16:42:22.506,2024-09-22 16:42:22.543,0.049,0.85,tiger cat,0.485495001077652,0.78558529475156,0.5711705895031199,1.0
2024-09-22 16:42:22.559,2024-09-22 16:42:22.596,0.051,0.851,Egyptian cat,0.6452358365058899,0.8791044867837191,0.7582089735674382,1.0
2024-09-22 16:42:22.609,2024-09-22 16:42:22.683,0.05,0.852,Siamese cat,0.3636608123779297,0.5508024391583869,0.4268319394107156,0.6747729389060582
2024-09-22 16:42:22.708,2024-09-22 16:42:22.747,0.05,0.85,Siamese cat,0.8332947492599487,0.9901733819176168,0.9803467638352338,1.0
2024-09-22 16:42:22.761,2024-09-22 16:42:22.805,0.05,0.849,tabby,0.7200787663459778,0.924074656269716,0.848149312539432,1.0
2024-09-22 16:42:22.822,2024-09-22 16:42:22.909,0.049,0.851,tabby,0.5768477916717529,0.6213833184009288,0.6778469937388402,0.5649196430630175
2024-09-22 16:42:22.924,2024-09-22 16:42:23.131,0.052,0.85,Persian cat,0.12474317103624344,0.1995637508110234,0.14675667180734522,0.25237082981470155
2024-09-22 16:42:23.152,2024-09-22 16:42:23.391,0.051,0.852,Persian cat,0.44634413719177246,0.36873504216974745,0.5238780952955076,0.21359198904398735
2024-09-22 16:42:23.411,2024-09-22 16:42:23.595,0.05,0.851,tabby,0.20998425781726837,0.2598036305930115,0.24675000918597928,0.2728572520000437
2024-09-22 16:42:23.612,2024-09-22 16:42:23.861,0.051,0.851,lynx,0.8635517954826355,0.6023640064067826,1.0,0.20472801281356504
2024-09-22 16:42:23.881,2024-09-22 16:42:23.999,0.05,0.852,Siamese cat,0.9448045492172241,0.7116079666167272,1.0,0.4232159332334544
2024-09-22 16:42:24.020,2024-09-22 16:42:24.083,0.05,0.85,Irish wolfhound,0.06420587748289108,0.43561026765082556,0.0755363264504601,0.7956842088511911
2024-09-22 16:42:24.104,2024-09-22 16:42:24.158,0.05,0.85,guinea pig,0.8452058434486389,0.9611825805663585,0.9943598158219281,0.9280053453107889
2024-09-22 16:42:24.182,2024-09-22 16:42:24.292,0.05,0.851,Cardigan,0.2549484670162201,0.37763163909233244,0.2995869177628908,0.45567636042177406
2024-09-22 16:42:24.311,2024-09-22 16:42:24.358,0.051,0.849,Persian cat,0.5587589740753174,0.8290688893258642,0.6581377786517284,1.0
2024-09-22 16:42:24.382,2024-09-22 16:42:24.437,0.049,0.85,tabby,0.758638858795166,0.8959644664762099,0.8925163044649013,0.8994126284875184
2024-09-22 16:42:24.454,2024-09-22 16:42:24.497,0.051,0.85,Chihuahua,0.3067688047885895,0.680452238110935,0.36090447622187,1.0
2024-09-22 16:42:24.516,2024-09-22 16:42:24.577,0.05,0.849,Chihuahua,0.28652164340019226,0.5793440843921303,0.3374813232039956,0.8212068455802648
2024-09-22 16:42:24.599,2024-09-22 16:42:24.643,0.05,0.85,tabby,0.3870830237865448,0.7276958963450264,0.4553917926900527,1.0
2024-09-22 16:42:24.665,2024-09-22 16:42:24.708,0.049,0.848,tiger cat,0.8688721656799316,1.0,1.0,1.0
2024-09-22 16:42:24.723,2024-09-22 16:42:24.767,0.05,0.851,Egyptian cat,0.47452470660209656,0.77880417544189,0.5576083508837798,1.0
2024-09-22 16:42:24.790,2024-09-22 16:42:24.827,0.05,0.85,Egyptian cat,0.4436749219894409,0.7609852482290829,0.5219704964581658,1.0
2024-09-22 16:42:24.845,2024-09-22 16:42:24.891,0.049,0.85,groenendael,0.2359331250190735,0.6387841911876903,0.27756838237538056,1.0
2024-09-22 16:42:24.914,2024-09-22 16:42:24.956,0.049,0.849,conch,0.07442088425159454,0.5438285537406329,0.08765710748126566,1.0
2024-09-22 16:42:24.974,2024-09-22 16:42:25.087,0.05,0.851,Cardigan,0.22098080813884735,0.3506762154733526,0.25967192495751745,0.4416805059891877
2024-09-22 16:42:25.111,2024-09-22 16:42:25.146,0.05,0.851,tiger cat,0.11825601756572723,0.5694806213664673,0.13896124273293448,1.0
2024-09-22 16:42:25.170,2024-09-22 16:42:25.202,0.05,0.849,Siamese cat,0.7893034815788269,0.9648430397990736,0.9296860795981472,1.0
2024-09-22 16:42:25.220,2024-09-22 16:42:25.250,0.051,0.849,tabby,0.7609474658966064,0.9481433839202629,0.8962867678405259,1.0
2024-09-22 16:42:25.265,2024-09-22 16:42:25.311,0.049,0.85,mouse,0.17189772427082062,0.6011163083946004,0.20223261678920074,1.0
2024-09-22 16:42:25.325,2024-09-22 16:42:25.369,0.049,0.849,Labrador retriever,0.11497291922569275,0.5677107887077106,0.13542157741542138,1.0
2024-09-22 16:42:25.386,2024-09-22 16:42:25.430,0.049,0.849,French bulldog,0.3162457048892975,0.6862459981680198,0.37249199633603947,1.0
2024-09-22 16:42:25.453,2024-09-22 16:42:25.497,0.05,0.851,schipperke,0.48630642890930176,0.7857264564684499,0.5714529129368998,1.0
2024-09-22 16:42:25.522,2024-09-22 16:42:25.557,0.049,0.849,tabby,0.9312064051628113,1.0,1.0,1.0
2024-09-22 16:42:25.585,2024-09-22 16:42:25.623,0.051,0.851,Norwich terrier,0.16037876904010773,0.5942295940306156,0.1884591880612312,1.0
2024-09-22 16:42:25.636,2024-09-22 16:42:25.688,0.05,0.848,chow,0.18664562702178955,0.5928810334224212,0.2201009752615443,0.965661091583298
2024-09-22 16:42:25.716,2024-09-22 16:42:25.759,0.049,0.85,tick,0.09331536293029785,0.5548913899589988,0.10978277991799748,1.0
2024-09-22 16:42:25.778,2024-09-22 16:42:25.822,0.049,0.849,tiger cat,0.7899519801139832,0.9652249588421573,0.9304499176843147,1.0
2024-09-22 16:42:25.847,2024-09-22 16:42:25.883,0.051,0.849,Persian cat,0.9774525165557861,1.0,1.0,1.0
2024-09-22 16:42:25.904,2024-09-22 16:42:25.940,0.052,0.849,Siamese cat,0.4375152289867401,0.7576650347389517,0.5153300694779036,1.0
2024-09-22 16:42:25.963,2024-09-22 16:42:26.030,0.051,0.849,siamang,0.14646098017692566,0.4700079476077426,0.17250998842982998,0.7675059067856552
2024-09-22 16:42:26.047,2024-09-22 16:42:26.083,0.05,0.851,Egyptian cat,0.3871880769729614,0.727490056975888,0.45498011395177607,1.0
2024-09-22 16:42:26.105,2024-09-22 16:42:26.156,0.05,0.853,tiger cat,0.3784204125404358,0.711255287360116,0.44363471575666563,0.9788758589635663
2024-09-22 16:42:26.172,2024-09-22 16:42:26.212,0.049,0.851,tabby,0.5247604250907898,0.8083198737313688,0.6166397474627378,1.0
2024-09-22 16:42:26.231,2024-09-22 16:42:26.281,0.05,0.851,Persian cat,0.37020978331565857,0.7153241988846301,0.43502912258009235,0.9956192751891677
2024-09-22 16:42:26.295,2024-09-22 16:42:26.348,0.049,0.852,Siberian husky,0.27277132868766785,0.6263529538955237,0.3201541416521923,0.932551766138855
2024-09-22 16:42:26.365,2024-09-22 16:42:26.413,0.049,0.849,Pembroke,0.19684606790542603,0.6159281907570235,0.23185638151404714,1.0
2024-09-22 16:42:26.430,2024-09-22 16:42:26.472,0.051,0.848,schipperke,0.6512279510498047,0.8839787447227623,0.7679574894455244,1.0
2024-09-22 16:42:26.491,2024-09-22 16:42:26.537,0.051,0.849,Lakeland terrier,0.1374942511320114,0.5809742350600774,0.16194847012015479,1.0
2024-09-22 16:42:26.557,2024-09-22 16:42:26.592,0.049,0.849,fox squirrel,0.1038433387875557,0.5611562654814816,0.12231253096296313,1.0
2024-09-22 16:42:26.635,2024-09-22 16:42:26.907,0.05,0.849,Shetland sheepdog,0.169475719332695,0.1917765758332778,0.19961804397255006,0.18393510769400556
2024-09-22 16:42:26.939,2024-09-22 16:42:27.312,0.051,0.852,Egyptian cat,0.6400359272956848,0.4440048228745575,0.7512158771076113,0.13679376864150375
2024-09-22 16:42:27.344,2024-09-22 16:42:27.518,0.05,0.848,ski mask,0.27703407406806946,0.30714686365430777,0.3266911250802706,0.287602602228345
2024-09-22 16:42:27.555,2024-09-22 16:42:27.596,0.05,0.85,wombat,0.6214902400970459,0.8655824941747329,0.7311649883494657,1.0
2024-09-22 16:42:27.613,2024-09-22 16:42:27.657,0.049,0.852,Shetland sheepdog,0.17329730093479156,0.6017002939758167,0.2034005879516333,1.0
2024-09-22 16:42:27.671,2024-09-22 16:42:27.714,0.05,0.851,schipperke,0.17724813520908356,0.6041410900170878,0.20828218003417576,1.0
2024-09-22 16:42:27.731,2024-09-22 16:42:27.779,0.05,0.85,Brabancon griffon,0.13469591736793518,0.5792328925693736,0.1584657851387473,1.0
2024-09-22 16:42:27.809,2024-09-22 16:42:27.856,0.048,0.849,kelpie,0.35336077213287354,0.7081041060853202,0.4162082121706402,1.0
2024-09-22 16:42:27.880,2024-09-22 16:42:27.950,0.051,0.85,Egyptian cat,0.8288123607635498,0.8539844388484761,0.9750733656041762,0.7328955120927759
2024-09-22 16:42:27.963,2024-09-22 16:42:28.021,0.051,0.851,tabby,0.6997630000114441,0.8520358353795524,0.8222831962531658,0.881788474505939
2024-09-22 16:42:28.038,2024-09-22 16:42:28.081,0.049,0.849,kelpie,0.3890455663204193,0.7291198859366427,0.4582397718732854,1.0
2024-09-22 16:42:28.104,2024-09-22 16:42:28.149,0.051,0.851,tabby,0.6512501239776611,0.8826381456978032,0.7652762913956065,1.0
2024-09-22 16:42:28.177,2024-09-22 16:42:28.229,0.05,0.85,Persian cat,0.8677414655685425,0.9730368968779565,1.0,0.9460737937559129
2024-09-22 16:42:28.245,2024-09-22 16:42:28.307,0.05,0.849,miniature pinscher,0.3675106167793274,0.6186123101221304,0.4328746958531536,0.8043499243911071
2024-09-22 16:42:28.331,2024-09-22 16:42:28.372,0.05,0.849,Siamese cat,0.5078849792480469,0.7991077616301807,0.5982155232603614,1.0
2024-09-22 16:42:28.393,2024-09-22 16:42:28.433,0.051,0.852,tabby,0.7340804934501648,0.9307984116491578,0.8615968232983156,1.0
2024-09-22 16:42:28.458,2024-09-22 16:42:28.509,0.05,0.851,papillon,0.4451828896999359,0.7501129899609684,0.5231291300821809,0.9770968498397561
2024-09-22 16:42:28.527,2024-09-22 16:42:28.564,0.051,0.849,Egyptian cat,0.49970167875289917,0.7942883856024141,0.5885767712048282,1.0
2024-09-22 16:42:28.594,2024-09-22 16:42:28.874,0.051,0.85,Norwegian elkhound,0.6304982304573059,0.4619572944042565,0.7417626240674188,0.18215196474109419
2024-09-22 16:42:28.896,2024-09-22 16:42:28.954,0.049,0.85,Persian cat,0.9802494049072266,0.923538360474363,1.0,0.847076720948726
2024-09-22 16:42:28.967,2024-09-22 16:42:29.056,0.05,0.849,schipperke,0.48796918988227844,0.5674061232954346,0.5747575852559228,0.5600546613349463
2024-09-22 16:42:29.087,2024-09-22 16:42:29.124,0.049,0.848,cougar,0.17258696258068085,0.6017611807669109,0.20352236153382175,1.0
2024-09-22 16:42:29.146,2024-09-22 16:42:29.188,0.049,0.849,schipperke,0.4774824380874634,0.7812028492859031,0.5624056985718061,1.0
2024-09-22 16:42:29.215,2024-09-22 16:42:29.274,0.051,0.851,Pomeranian,0.9715885519981384,0.9310417687925758,1.0,0.8620835375851518
2024-09-22 16:42:29.301,2024-09-22 16:42:29.340,0.052,0.851,tabby,0.8667284846305847,1.0,1.0,1.0
2024-09-22 16:42:29.364,2024-09-22 16:42:29.407,0.05,0.85,Egyptian cat,0.42810574173927307,0.7518269069054547,0.5036538138109095,1.0
2024-09-22 16:42:29.430,2024-09-22 16:42:29.541,0.049,0.852,tabby,0.8724595904350281,0.7214389009399855,1.0,0.4428778018799711
2024-09-22 16:42:29.569,2024-09-22 16:42:29.645,0.048,0.851,tabby,0.3402863144874573,0.5153823254373137,0.3998664095034751,0.6308982413711522
2024-09-22 16:42:29.670,2024-09-22 16:42:29.739,0.049,0.849,weasel,0.40571483969688416,0.592064592788778,0.47787378056170104,0.7062554050158548
2024-09-22 16:42:29.762,2024-09-22 16:42:29.825,0.051,0.852,malamute,0.6561297178268433,0.7878008152490268,0.7701053026136658,0.8054963278843876
2024-09-22 16:42:29.846,2024-09-22 16:42:29.899,0.05,0.851,Brabancon griffon,0.164436474442482,0.56660916280388,0.19322734952113044,0.9399909760866295
2024-09-22 16:42:29.920,2024-09-22 16:42:29.961,0.05,0.85,tabby,0.7922689914703369,0.9660405832178453,0.9320811664356905,1.0
2024-09-22 16:42:29.983,2024-09-22 16:42:30.024,0.049,0.849,Leonberg,0.33292433619499207,0.6960685136601839,0.3921370273203676,1.0
2024-09-22 16:42:30.047,2024-09-22 16:42:30.092,0.05,0.849,Persian cat,0.40632718801498413,0.7392975194434536,0.47859503888690713,1.0
2024-09-22 16:42:30.115,2024-09-22 16:42:30.162,0.05,0.851,tabby,0.6604853868484497,0.8880642695936838,0.7761285391873675,1.0
2024-09-22 16:42:30.177,2024-09-22 16:42:30.211,0.049,0.851,schipperke,0.5124600529670715,0.8010928630828857,0.6021857261657715,1.0
2024-09-22 16:42:30.230,2024-09-22 16:42:30.272,0.049,0.852,tabby,0.5037807822227478,0.7956459989570116,0.5912919979140232,1.0
2024-09-22 16:42:30.291,2024-09-22 16:42:30.337,0.05,0.851,Egyptian cat,0.18272845447063446,0.6073610190779286,0.2147220381558572,1.0
2024-09-22 16:42:30.357,2024-09-22 16:42:30.403,0.051,0.849,Egyptian cat,0.1862909495830536,0.6097119844423166,0.2194239688846332,1.0
2024-09-22 16:42:30.423,2024-09-22 16:42:30.480,0.05,0.85,Siamese cat,0.8297786116600037,0.9259487729925937,0.9762101313647102,0.8756874146204771
2024-09-22 16:42:30.552,2024-09-22 16:42:30.599,0.05,0.851,schipperke,0.4702933728694916,0.7763180804168576,0.5526361608337151,1.0
2024-09-22 16:42:30.621,2024-09-22 16:42:30.667,0.049,0.852,tabby,0.5270973443984985,0.8093294274639076,0.6186588549278152,1.0
2024-09-22 16:42:30.692,2024-09-22 16:42:30.731,0.049,0.852,tabby,0.45303699374198914,0.7658667803650171,0.5317335607300342,1.0
2024-09-22 16:42:30.748,2024-09-22 16:42:30.794,0.052,0.85,wombat,0.24726681411266327,0.645451067125096,0.29090213425019207,1.0
2024-09-22 16:42:30.816,2024-09-22 16:42:30.882,0.049,0.85,Egyptian cat,0.49518534541130066,0.6649262836239873,0.5825709946015302,0.7472815726464443
2024-09-22 16:42:30.908,2024-09-22 16:42:31.132,0.051,0.851,Persian cat,0.09415318816900253,0.16912185325829657,0.11063829397062577,0.22760541254596736
2024-09-22 16:42:31.165,2024-09-22 16:42:31.248,0.049,0.848,tiger cat,0.6104393005371094,0.657612971766926,0.7198576657277234,0.5953682778061287
2024-09-22 16:42:31.270,2024-09-22 16:42:31.309,0.052,0.849,spider monkey,0.13292932510375977,0.5782858216158774,0.15657164323175474,1.0
2024-09-22 16:42:31.335,2024-09-22 16:42:31.373,0.049,0.852,Egyptian cat,0.46398070454597473,0.7722891458603138,0.5445782917206277,1.0
2024-09-22 16:42:31.394,2024-09-22 16:42:31.429,0.05,0.849,Egyptian cat,0.34163516759872437,0.7011985674904149,0.40239713498082963,1.0
2024-09-22 16:42:31.447,2024-09-22 16:42:31.497,0.051,0.85,Siamese cat,0.7978910803794861,0.9693476943408742,0.9386953886817484,1.0
2024-09-22 16:42:31.516,2024-09-22 16:42:31.560,0.049,0.85,tabby,0.5976646542549133,0.8515674436793608,0.7031348873587215,1.0
2024-09-22 16:42:31.581,2024-09-22 16:42:31.629,0.05,0.85,tabby,0.4675804376602173,0.7750473162707161,0.5500946325414321,1.0
2024-09-22 16:42:31.653,2024-09-22 16:42:31.693,0.051,0.85,Egyptian cat,0.24523194134235382,0.644254083142561,0.28850816628512216,1.0
2024-09-22 16:42:31.713,2024-09-22 16:42:31.759,0.049,0.852,tabby,0.9004034399986267,1.0,1.0,1.0
2024-09-22 16:42:31.779,2024-09-22 16:42:31.817,0.051,0.85,Irish terrier,0.275439977645874,0.6620235162622788,0.3240470325245577,1.0
2024-09-22 16:42:31.840,2024-09-22 16:42:31.878,0.049,0.849,Angora,0.23063986003398895,0.6358303062626555,0.27166061252531093,1.0
2024-09-22 16:42:31.897,2024-09-22 16:42:31.940,0.05,0.851,black-footed ferret,0.38082262873649597,0.7237500756383642,0.44750015127672854,1.0
2024-09-22 16:42:31.957,2024-09-22 16:42:32.148,0.051,0.849,tiger cat,0.5731642842292786,0.47166287851127753,0.6751051639920831,0.26822059303047197
2024-09-22 16:42:32.172,2024-09-22 16:42:32.213,0.05,0.85,Egyptian cat,0.32886096835136414,0.6934476284419789,0.3868952568839578,1.0
2024-09-22 16:42:32.230,2024-09-22 16:42:32.273,0.049,0.851,Persian cat,0.9974049925804138,1.0,1.0,1.0
2024-09-22 16:42:32.295,2024-09-22 16:42:32.339,0.05,0.851,tabby,0.7347421646118164,0.9316933987143456,0.8633867974286914,1.0
2024-09-22 16:42:32.371,2024-09-22 16:42:32.474,0.05,0.849,tabby,0.9082194566726685,0.7423138060714147,1.0,0.48462761214282946
2024-09-22 16:42:32.495,2024-09-22 16:42:32.533,0.046,0.85,tiger cat,0.4027180075645447,0.7368929456262028,0.4737858912524055,1.0
2024-09-22 16:42:32.557,2024-09-22 16:42:32.625,0.051,0.85,Egyptian cat,0.1564282923936844,0.4697776309850358,0.18403328516904047,0.7555219768010311
2024-09-22 16:42:32.648,2024-09-22 16:42:32.695,0.05,0.85,tiger cat,0.29279831051826477,0.6722343003048616,0.3444686006097233,1.0
2024-09-22 16:42:32.727,2024-09-22 16:42:32.766,0.052,0.848,tabby,0.5897458791732788,0.8477275230974521,0.6954550461949043,1.0
2024-09-22 16:42:32.788,2024-09-22 16:42:32.831,0.05,0.851,Egyptian cat,0.3796860873699188,0.72308230750289,0.4461646150057801,1.0
2024-09-22 16:42:32.853,2024-09-22 16:42:32.884,0.05,0.849,tabby,0.791297197341919,0.9660171951365837,0.9320343902731673,1.0
2024-09-22 16:42:32.910,2024-09-22 16:42:32.958,0.049,0.851,cougar,0.2245623618364334,0.6319402831001372,0.2638805662002743,1.0
2024-09-22 16:42:32.979,2024-09-22 16:42:33.065,0.05,0.852,tabby,0.6183561682701111,0.6523173249748773,0.7257701505517736,0.578864499397981
2024-09-22 16:42:33.095,2024-09-22 16:42:33.133,0.05,0.851,schipperke,0.9393088817596436,1.0,1.0,1.0
2024-09-22 16:42:33.161,2024-09-22 16:42:33.199,0.049,0.851,Border collie,0.4058757424354553,0.7384698839221242,0.47693976784424835,1.0
2024-09-22 16:42:33.223,2024-09-22 16:42:33.261,0.05,0.851,tabby,0.27640560269355774,0.6624004716178366,0.32480094323567305,1.0
2024-09-22 16:42:33.283,2024-09-22 16:42:33.324,0.051,0.851,Persian cat,0.8192756772041321,0.9813605623996076,0.9627211247992151,1.0
2024-09-22 16:42:33.338,2024-09-22 16:42:33.373,0.05,0.85,Border collie,0.7384606599807739,0.9343886235181023,0.8687772470362046,1.0
2024-09-22 16:42:33.395,2024-09-22 16:42:33.458,0.049,0.85,weasel,0.6709222197532654,0.7841734760606934,0.7893202585332534,0.7790266935881335
2024-09-22 16:42:33.474,2024-09-22 16:42:33.524,0.05,0.85,Siamese cat,0.17031733691692352,0.5984427724119306,0.2003733375493218,0.9965122072745393
2024-09-22 16:42:33.547,2024-09-22 16:42:33.780,0.05,0.849,Persian cat,0.8328073620796204,0.597779642120677,0.9809273993870676,0.21463188485428641
2024-09-22 16:42:33.812,2024-09-22 16:42:33.874,0.051,0.85,Pomeranian,0.929156482219696,0.9136588531105523,1.0,0.8273177062211047
2024-09-22 16:42:33.916,2024-09-22 16:42:34.176,0.05,0.848,Pomeranian,0.35560372471809387,0.305731641319552,0.4193440149977522,0.19211926764135176
2024-09-22 16:42:34.193,2024-09-22 16:42:34.242,0.05,0.849,tabby,0.6132041811943054,0.8611332044725002,0.7222664089450005,1.0
2024-09-22 16:42:34.267,2024-09-22 16:42:34.339,0.05,0.849,Egyptian cat,0.5688929557800293,0.6835274162788921,0.6700741528622254,0.6969806796955589
2024-09-22 16:42:34.359,2024-09-22 16:42:34.408,0.05,0.85,tabby,0.6054014563560486,0.8561185037388521,0.7122370074777042,1.0
2024-09-22 16:42:34.425,2024-09-22 16:42:34.467,0.05,0.85,Egyptian cat,0.5689352750778198,0.8346678088693058,0.6693356177386116,1.0
2024-09-22 16:42:34.488,2024-09-22 16:42:34.524,0.05,0.851,Persian cat,0.766404926776886,0.9502966667314254,0.9005933334628508,1.0
2024-09-22 16:42:34.537,2024-09-22 16:42:34.579,0.05,0.851,Scotch terrier,0.7508959770202637,0.9411844753350551,0.8823689506701101,1.0
2024-09-22 16:42:34.601,2024-09-22 16:42:34.637,0.049,0.851,tabby,0.9515451788902283,1.0,1.0,1.0
2024-09-22 16:42:34.660,2024-09-22 16:42:34.695,0.049,0.85,tabby,0.7492478489875793,0.9407340288162231,0.8814680576324463,1.0
2024-09-22 16:42:34.706,2024-09-22 16:42:34.745,0.05,0.852,titi,0.7636221647262573,0.9481350731961604,0.8962701463923208,1.0
2024-09-22 16:42:34.761,2024-09-22 16:42:34.877,0.05,0.85,potter's wheel,0.11847854405641556,0.2855491730713703,0.13938652241931243,0.43171182372342815
2024-09-22 16:42:34.897,2024-09-22 16:42:34.944,0.051,0.85,Persian cat,0.46332958340644836,0.772546813768499,0.5450936275369981,1.0
2024-09-22 16:42:34.964,2024-09-22 16:42:35.014,0.051,0.85,Pomeranian,0.2511839270591736,0.6477552512112785,0.29551050242255716,1.0
2024-09-22 16:42:35.031,2024-09-22 16:42:35.079,0.05,0.849,Australian terrier,0.24728728830814362,0.6456344454111564,0.2912688908223129,1.0
2024-09-22 16:42:35.094,2024-09-22 16:42:35.178,0.05,0.848,tabby,0.4194035232067108,0.5459470502736725,0.49457962642300807,0.597314474124337
2024-09-22 16:42:35.201,2024-09-22 16:42:35.243,0.049,0.849,tabby,0.49169155955314636,0.7895710009146917,0.5791420018293832,1.0
2024-09-22 16:42:35.260,2024-09-22 16:42:35.309,0.05,0.848,Japanese spaniel,0.22390253841876984,0.6320180061431426,0.2640360122862852,1.0
2024-09-22 16:42:35.330,2024-09-22 16:42:35.375,0.05,0.85,Norwegian elkhound,0.3261122703552246,0.6918307472677792,0.38366149453555837,1.0
2024-09-22 16:42:35.393,2024-09-22 16:42:35.443,0.052,0.851,Cardigan,0.5913930535316467,0.8474694791607795,0.694938958321559,1.0
2024-09-22 16:42:35.458,2024-09-22 16:42:35.499,0.05,0.851,schipperke,0.7025082111358643,0.9127545306321176,0.8255090612642353,1.0
2024-09-22 16:42:35.516,2024-09-22 16:42:35.550,0.049,0.851,tiger cat,0.2674141228199005,0.6571175809752647,0.3142351619505294,1.0
2024-09-22 16:42:35.568,2024-09-22 16:42:35.614,0.05,0.851,schipperke,0.2477339655160904,0.6455546213373033,0.2911092426746068,1.0
2024-09-22 16:42:35.629,2024-09-22 16:42:35.673,0.049,0.851,tabby,0.6124704480171204,0.8598533772133492,0.7197067544266984,1.0
2024-09-22 16:42:35.686,2024-09-22 16:42:35.726,0.049,0.85,Siberian husky,0.23749859631061554,0.6397050566533032,0.27941011330660653,1.0
2024-09-22 16:42:35.741,2024-09-22 16:42:35.783,0.05,0.851,Siberian husky,0.21461711823940277,0.6260970142417173,0.25219402848343453,1.0
2024-09-22 16:42:35.821,2024-09-22 16:42:35.866,0.051,0.85,Persian cat,0.4284425675868988,0.7520250397569993,0.5040500795139986,1.0
2024-09-22 16:42:35.879,2024-09-22 16:42:35.922,0.051,0.85,tabby,0.5479709506034851,0.8223358532961678,0.6446717065923354,1.0
2024-09-22 16:42:35.940,2024-09-22 16:42:35.977,0.05,0.849,Persian cat,0.34102991223335266,0.7008421155673455,0.40168423113469104,1.0
2024-09-22 16:42:35.997,2024-09-22 16:42:36.044,0.05,0.85,weasel,0.2390119433403015,0.6405952607884127,0.28119052157682534,1.0
2024-09-22 16:42:36.061,2024-09-22 16:42:36.103,0.051,0.85,Siamese cat,0.3462860882282257,0.7036976989577799,0.4073953979155597,1.0
2024-09-22 16:42:36.124,2024-09-22 16:42:36.163,0.05,0.851,Persian cat,0.5031440258026123,0.7956192866055302,0.5912385732110603,1.0
2024-09-22 16:42:36.180,2024-09-22 16:42:36.228,0.051,0.849,muzzle,0.4020315110683441,0.7367676743629824,0.4735353487259648,1.0
2024-09-22 16:42:36.241,2024-09-22 16:42:36.304,0.049,0.849,Egyptian cat,0.6456905603408813,0.7660374429619441,0.7605306953367271,0.771544190587161
2024-09-22 16:42:36.355,2024-09-22 16:42:36.523,0.05,0.85,Siamese cat,0.3850875198841095,0.37533956669545476,0.45304414104012886,0.2976349923507807
2024-09-22 16:42:36.540,2024-09-22 16:42:36.595,0.051,0.851,weasel,0.19697947800159454,0.5765636164727482,0.2314682467703814,0.9216589861751151
2024-09-22 16:42:36.614,2024-09-22 16:42:36.655,0.049,0.849,tabby,0.5871238112449646,0.8457737404269521,0.6915474808539042,1.0
2024-09-22 16:42:36.674,2024-09-22 16:42:36.725,0.051,0.85,schipperke,0.42821258306503296,0.751889754744137,0.5037795094882741,1.0
2024-09-22 16:42:36.746,2024-09-22 16:42:36.780,0.051,0.851,Tibetan mastiff,0.18628613650798798,0.6094513140469965,0.21890262809399294,1.0
2024-09-22 16:42:36.797,2024-09-22 16:42:36.831,0.051,0.85,Siamese cat,0.5158537030220032,0.8034433547188253,0.6068867094376508,1.0
2024-09-22 16:42:36.849,2024-09-22 16:42:36.999,0.05,0.849,Chihuahua,0.3621188700199127,0.3800353981218769,0.42652399295631654,0.3335468032874373
2024-09-22 16:42:37.026,2024-09-22 16:42:37.066,0.049,0.851,great grey owl,0.3244737386703491,0.690642619665305,0.38128523933061004,1.0
2024-09-22 16:42:37.089,2024-09-22 16:42:37.131,0.051,0.849,Chihuahua,0.31549742817878723,0.685805316948638,0.3716106338972759,1.0
2024-09-22 16:42:37.151,2024-09-22 16:42:37.191,0.05,0.85,Egyptian cat,0.3927191495895386,0.7310112644644344,0.4620225289288689,1.0
2024-09-22 16:42:37.206,2024-09-22 16:42:37.245,0.048,0.849,tabby,0.6817609667778015,0.9015082254286229,0.8030164508572456,1.0
2024-09-22 16:42:37.262,2024-09-22 16:42:37.317,0.049,0.851,Persian cat,0.9945672750473022,0.9459978519287131,1.0,0.8919957038574263
2024-09-22 16:42:37.336,2024-09-22 16:42:37.377,0.051,0.85,lynx,0.34070461988449097,0.7004144822849947,0.4008289645699894,1.0
2024-09-22 16:42:37.392,2024-09-22 16:42:37.467,0.049,0.847,tabby,0.7772977352142334,0.789295967868634,0.9177068892730028,0.660885046464265
2024-09-22 16:42:37.485,2024-09-22 16:42:37.554,0.051,0.851,basenji,0.36950749158859253,0.5883296057007351,0.43420386790668924,0.7424553434947809
2024-09-22 16:42:37.582,2024-09-22 16:42:37.855,0.051,0.849,Cardigan,0.36854439973831177,0.3103092835091959,0.43409234362580895,0.18652622339258282
2024-09-22 16:42:37.883,2024-09-22 16:42:38.044,0.051,0.85,Persian cat,0.21536479890346527,0.28482863364777733,0.25337035165113564,0.3162869156444191
2024-09-22 16:42:38.069,2024-09-22 16:42:38.186,0.05,0.851,Angora,0.23244419693946838,0.34945130595651097,0.27314241708515674,0.4257601948278652
2024-09-22 16:42:38.209,2024-09-22 16:42:38.283,0.05,0.849,lab coat,0.3071919083595276,0.5212305931134381,0.3618279250406686,0.6806332611862077
2024-09-22 16:42:38.315,2024-09-22 16:42:38.429,0.051,0.85,tabby,0.4271160066127777,0.4742130744960037,0.5024894195444444,0.4459367294475631
2024-09-22 16:42:38.473,2024-09-22 16:42:38.627,0.052,0.85,schipperke,0.23040089011192322,0.3041311933847262,0.27105987071990967,0.33720251604954277
2024-09-22 16:42:38.691,2024-09-22 16:42:38.747,0.051,0.851,tabby,0.283733606338501,0.6286123112046491,0.3334119933472397,0.9238126290620584
2024-09-22 16:42:38.787,2024-09-22 16:42:38.863,0.05,0.85,patas,0.3420574367046356,0.5305346150319058,0.4024205137701596,0.6586487162936521
2024-09-22 16:42:38.893,2024-09-22 16:42:39.094,0.049,0.849,schipperke,0.1732597053050995,0.22385352098988187,0.2040750356950524,0.24363200628471135
2024-09-22 16:42:39.130,2024-09-22 16:42:39.429,0.051,0.851,tabby,0.38682428002357483,0.31262224576244735,0.454552620474236,0.17069187105065867
2024-09-22 16:42:39.452,2024-09-22 16:42:39.537,0.051,0.849,tiger cat,0.3052873909473419,0.477373181398301,0.35958467720534976,0.5951616855912523
2024-09-22 16:42:39.572,2024-09-22 16:42:39.780,0.049,0.85,tabby,0.7339900732040405,0.5495139264534394,0.8635177331812242,0.23551011972565475
2024-09-22 16:42:39.808,2024-09-22 16:42:40.374,0.051,0.849,Angora,0.4342612326145172,0.30077112293439334,0.5114973293457211,0.09004491652306562
2024-09-22 16:42:40.414,2024-09-22 16:42:40.672,0.05,0.85,Egyptian cat,0.49184826016426086,0.3865356009717249,0.5786450119579539,0.19442618998549582
2024-09-22 16:42:40.696,2024-09-22 16:42:40.742,0.051,0.848,Maltese dog,0.06197436526417732,0.5365414889529347,0.07308297790586948,1.0
2024-09-22 16:42:40.764,2024-09-22 16:42:40.807,0.049,0.85,Persian cat,0.8520241379737854,1.0,1.0,1.0
2024-09-22 16:42:40.828,2024-09-22 16:42:40.876,0.051,0.852,Egyptian cat,0.535690426826477,0.8143723162127212,0.6287446324254425,1.0
2024-09-22 16:42:40.898,2024-09-22 16:42:41.121,0.05,0.851,tabby,0.6041706800460815,0.4671886818271195,0.709953795588815,0.224423568065424
2024-09-22 16:42:41.146,2024-09-22 16:42:41.381,0.051,0.849,Siamese cat,0.1145831048488617,0.17619911229237767,0.13496243209524347,0.2174357924895119
2024-09-22 16:42:41.404,2024-09-22 16:42:41.489,0.049,0.849,tabby,0.5769324898719788,0.6295822837972805,0.6795435687538031,0.579620998840758
2024-09-22 16:42:41.510,2024-09-22 16:42:41.593,0.05,0.848,kelpie,0.2134760320186615,0.42702795190442117,0.2517406037955914,0.602315300013251
2024-09-22 16:42:41.620,2024-09-22 16:42:41.773,0.05,0.85,tabby,0.9100160598754883,0.6638087500081904,1.0,0.3276175000163809
2024-09-22 16:42:41.811,2024-09-22 16:42:41.925,0.051,0.849,tabby,0.35838156938552856,0.4341249311741475,0.42212198985339056,0.4461278724949045
2024-09-22 16:42:41.950,2024-09-22 16:42:42.581,0.05,0.851,Irish terrier,0.15856434404850006,0.13278840288629362,0.18632707878789667,0.07924972698469054
2024-09-22 16:42:42.616,2024-09-22 16:42:42.723,0.051,0.849,cougar,0.32807594537734985,0.4314952858589889,0.38642631964352164,0.47656425207445613
2024-09-22 16:42:42.745,2024-09-22 16:42:42.935,0.05,0.85,Egyptian cat,0.2059175670146942,0.25255613145536765,0.24225596119375792,0.2628563017169774
2024-09-22 16:42:42.956,2024-09-22 16:42:43.141,0.05,0.851,Persian cat,0.5107221007347107,0.4354336974374684,0.6001434791242194,0.27072391575071747
2024-09-22 16:42:43.163,2024-09-22 16:42:43.208,0.049,0.85,Egyptian cat,0.672756552696228,0.89573914864484,0.79147829728968,1.0
2024-09-22 16:42:43.230,2024-09-22 16:42:43.308,0.051,0.85,tabby,0.40230894088745117,0.5662033533470465,0.4733046363381779,0.6591020703559151
2024-09-22 16:42:43.326,2024-09-22 16:42:43.372,0.051,0.85,schipperke,0.13852299749851227,0.5814841161755955,0.1629682323511909,1.0
2024-09-22 16:42:43.388,2024-09-22 16:42:43.431,0.05,0.849,tabby,0.6100194454193115,0.859257623921856,0.718515247843712,1.0
2024-09-22 16:42:43.451,2024-09-22 16:42:43.489,0.05,0.851,Japanese spaniel,0.36477184295654297,0.7143195317018467,0.4286390634036933,1.0
2024-09-22 16:42:43.505,2024-09-22 16:42:43.706,0.048,0.849,tiger cat,0.18290968239307404,0.22757324233384782,0.21544132201775507,0.23970516264994057
2024-09-22 16:42:43.737,2024-09-22 16:42:43.923,0.05,0.85,Egyptian cat,0.426758736371994,0.385401253663154,0.5020691016141107,0.2687334057121973
2024-09-22 16:42:43.942,2024-09-22 16:42:43.980,0.048,0.849,Persian cat,0.9043295383453369,1.0,1.0,1.0
2024-09-22 16:42:43.996,2024-09-22 16:42:44.055,0.049,0.85,Persian cat,0.968598484992981,0.9123399027214434,1.0,0.8246798054428868
2024-09-22 16:42:44.077,2024-09-22 16:42:44.114,0.049,0.85,Shetland sheepdog,0.13493309915065765,0.5793724112650928,0.1587448225301855,1.0
2024-09-22 16:42:44.138,2024-09-22 16:42:44.180,0.049,0.851,schipperke,0.7203542590141296,0.9232398701610632,0.8464797403221265,1.0
2024-09-22 16:42:44.203,2024-09-22 16:42:44.241,0.052,0.849,Egyptian cat,0.7435751557350159,0.9379123414222709,0.8758246828445417,1.0
2024-09-22 16:42:44.261,2024-09-22 16:42:44.354,0.05,0.85,schipperke,0.22699590027332306,0.40288001422100567,0.2670540003215566,0.5387060281204548
2024-09-22 16:42:44.378,2024-09-22 16:42:44.544,0.05,0.851,tabby,0.4667648375034332,0.4247267532623875,0.5484898208030943,0.3009636857216808
2024-09-22 16:42:44.584,2024-09-22 16:42:44.756,0.05,0.849,Boston bull,0.19009217619895935,0.25749832978383563,0.22390126760772597,0.29109539195994527
2024-09-22 16:42:44.775,2024-09-22 16:42:44.985,0.051,0.85,affenpinscher,0.38506069779396057,0.3479204101869569,0.4530125856399536,0.24282823473396023
2024-09-22 16:42:45.028,2024-09-22 16:42:45.105,0.05,0.851,Christmas stocking,0.1815090924501419,0.43258558180159323,0.21328918031744054,0.651881983285746
2024-09-22 16:42:45.128,2024-09-22 16:42:45.177,0.05,0.85,tabby,0.5767229199409485,0.839248776435852,0.6784975528717041,1.0
2024-09-22 16:42:45.197,2024-09-22 16:42:45.243,0.05,0.85,lynx,0.4220064580440521,0.7482390929670895,0.496478185934179,1.0
2024-09-22 16:42:45.267,2024-09-22 16:42:45.329,0.051,0.849,tabby,0.5094960331916809,0.710420251532512,0.6001131132999775,0.8207273897650466
2024-09-22 16:42:45.346,2024-09-22 16:42:45.388,0.05,0.851,wombat,0.15925616025924683,0.5935700119032002,0.18714002380640052,1.0
2024-09-22 16:42:45.410,2024-09-22 16:42:45.453,0.049,0.851,cougar,0.15809637308120728,0.5928885858291465,0.18577717165829294,1.0
2024-09-22 16:42:45.473,2024-09-22 16:42:45.518,0.05,0.851,kelpie,0.31954917311668396,0.6877492203975817,0.3754984407951633,1.0
2024-09-22 16:42:45.538,2024-09-22 16:42:45.576,0.049,0.851,Chihuahua,0.40490078926086426,0.7378970559699555,0.475794111939911,1.0
2024-09-22 16:42:45.595,2024-09-22 16:42:45.650,0.05,0.849,tabby,0.6057459115982056,0.8085181114175595,0.7134816391027157,0.9035545837324034
2024-09-22 16:42:45.670,2024-09-22 16:42:45.710,0.049,0.849,schipperke,0.7579963803291321,0.9464054065542592,0.8928108131085184,1.0
2024-09-22 16:42:45.728,2024-09-22 16:42:45.774,0.051,0.851,tabby,0.6006340384483337,0.8528989650107719,0.7057979300215438,1.0
2024-09-22 16:42:45.793,2024-09-22 16:42:45.830,0.051,0.851,tabby,0.4117231070995331,0.7419054683311005,0.48381093666220104,1.0
2024-09-22 16:42:45.852,2024-09-22 16:42:45.891,0.049,0.851,tabby,0.5817697644233704,0.8418153727516865,0.683630745503373,1.0
2024-09-22 16:42:45.910,2024-09-22 16:42:45.947,0.05,0.851,tiger cat,0.6157462000846863,0.8617780259016958,0.7235560518033917,1.0
2024-09-22 16:42:45.975,2024-09-22 16:42:46.013,0.049,0.85,Pekinese,0.2632921040058136,0.6548777082387138,0.30975541647742777,1.0
2024-09-22 16:42:46.031,2024-09-22 16:42:46.064,0.051,0.852,skunk,0.7295387983322144,0.9281330976128019,0.8562661952256038,1.0
2024-09-22 16:42:46.089,2024-09-22 16:42:46.125,0.048,0.85,Egyptian cat,0.42259564995765686,0.7485856764456805,0.49717135289136105,1.0
2024-09-22 16:42:46.142,2024-09-22 16:42:46.204,0.051,0.85,schipperke,0.5419386625289917,0.7259990868147783,0.6375748970929315,0.814423276536625
2024-09-22 16:42:46.231,2024-09-22 16:42:46.270,0.049,0.851,chow,0.1232939139008522,0.5724406074623103,0.1448812149246207,1.0
2024-09-22 16:42:46.284,2024-09-22 16:42:46.327,0.05,0.85,Siamese cat,0.18387222290039062,0.6081601311178768,0.21632026223575368,1.0
2024-09-22 16:42:46.351,2024-09-22 16:42:46.396,0.048,0.85,Siamese cat,0.20051062107086182,0.6179474241593305,0.23589484831866098,1.0
2024-09-22 16:42:46.418,2024-09-22 16:42:46.502,0.05,0.851,Siamese cat,0.48344460129737854,0.5829164679996053,0.5680900132754154,0.597742922723795
2024-09-22 16:42:46.530,2024-09-22 16:42:46.642,0.05,0.848,tabby,0.6789186596870422,0.6247283742459055,0.8006116269894367,0.44884512150237443
2024-09-22 16:42:46.661,2024-09-22 16:42:46.694,0.05,0.85,tabby,0.5161638259887695,0.8036257799933939,0.6072515599867877,1.0
2024-09-22 16:42:46.720,2024-09-22 16:42:46.770,0.051,0.849,Egyptian cat,0.3695048391819,0.7176118016383393,0.4352236032766785,1.0
2024-09-22 16:42:46.790,2024-09-22 16:42:46.828,0.049,0.848,Persian cat,0.5670677423477173,0.8343559801578522,0.6687119603157043,1.0
2024-09-22 16:42:46.850,2024-09-22 16:42:46.925,0.049,0.848,Siamese cat,0.37380117177963257,0.5460479425382282,0.4408032686080573,0.6512926164683991
2024-09-22 16:42:46.970,2024-09-22 16:42:47.091,0.049,0.85,tabby,0.6726323366165161,0.5972209320758728,0.7913321607253131,0.4031097034264325
2024-09-22 16:42:47.114,2024-09-22 16:42:47.158,0.051,0.85,llama,0.09639087319374084,0.5567005136433769,0.11340102728675394,1.0
2024-09-22 16:42:47.177,2024-09-22 16:42:47.229,0.051,0.85,tabby,0.38760319352149963,0.7184902510824036,0.4560037570841172,0.9809767450806901
2024-09-22 16:42:47.264,2024-09-22 16:42:47.310,0.05,0.85,affenpinscher,0.32433292269706726,0.6907840721747455,0.3815681443494909,1.0
2024-09-22 16:42:47.327,2024-09-22 16:42:47.368,0.05,0.849,Egyptian cat,0.5769384503364563,0.839775294662224,0.679550589324448,1.0
2024-09-22 16:42:47.385,2024-09-22 16:42:47.478,0.05,0.849,Persian cat,0.9539816975593567,0.7686756440155187,1.0,0.5373512880310374
2024-09-22 16:42:47.499,2024-09-22 16:42:47.540,0.05,0.849,Siberian husky,0.20469890534877777,0.6205529477907996,0.24110589558159926,1.0
2024-09-22 16:42:47.555,2024-09-22 16:42:47.594,0.052,0.85,hamster,0.2658635377883911,0.6563903163461124,0.31278063269222484,1.0
2024-09-22 16:42:47.612,2024-09-22 16:42:47.819,0.05,0.85,German short-haired pointer,0.2527019679546356,0.26968545718213366,0.2972964328878066,0.24207448147646068
2024-09-22 16:42:47.844,2024-09-22 16:42:48.058,0.051,0.85,lynx,0.1685348004102707,0.21784546470936522,0.19827623577678904,0.23741469364194137
2024-09-22 16:42:48.080,2024-09-22 16:42:48.128,0.05,0.849,Egyptian cat,0.6600434184074402,0.8887181498277033,0.7774362996554066,1.0
2024-09-22 16:42:48.151,2024-09-22 16:42:48.196,0.051,0.85,Siamese cat,0.0986364409327507,0.5580214358427945,0.11604287168558906,1.0
2024-09-22 16:42:48.224,2024-09-22 16:42:48.263,0.051,0.85,Egyptian cat,0.5754202604293823,0.8384825061349308,0.6769650122698616,1.0
2024-09-22 16:42:48.284,2024-09-22 16:42:48.331,0.05,0.849,plastic bag,0.2347373068332672,0.6382434080290149,0.2764868160580297,1.0
2024-09-22 16:42:48.352,2024-09-22 16:42:48.441,0.049,0.851,Egyptian cat,0.8139984607696533,0.7538133213269682,0.9565199303991226,0.5511067122548138
2024-09-22 16:42:48.465,2024-09-22 16:42:48.706,0.049,0.851,indri,0.6750488877296448,0.4979347389296195,0.7932419362275497,0.2026275416316893
2024-09-22 16:42:48.724,2024-09-22 16:42:48.766,0.051,0.849,chow,0.3174259662628174,0.6869410873161469,0.37388217463229373,1.0
2024-09-22 16:42:48.796,2024-09-22 16:42:48.840,0.051,0.849,Persian cat,0.592249870300293,0.8487926209071219,0.6975852418142438,1.0
2024-09-22 16:42:48.862,2024-09-22 16:42:48.912,0.051,0.85,tabby,0.47869598865509033,0.7815858756794649,0.5631717513589298,1.0
2024-09-22 16:42:48.928,2024-09-22 16:42:48.970,0.05,0.85,seat belt,0.11200542747974396,0.56588554557632,0.13177109115263996,1.0
2024-09-22 16:42:48.992,2024-09-22 16:42:49.086,0.049,0.851,Angora,0.3702271580696106,0.4790896751865954,0.435049539447251,0.5231298109259398
2024-09-22 16:42:49.106,2024-09-22 16:42:49.144,0.049,0.85,Egyptian cat,0.7068300843238831,0.9157824025434607,0.8315648050869212,1.0
2024-09-22 16:42:49.166,2024-09-22 16:42:49.211,0.051,0.85,tabby,0.5210928320884705,0.8065251953461591,0.6130503906923181,1.0
2024-09-22 16:42:49.228,2024-09-22 16:42:49.273,0.052,0.849,Angora,0.3228705823421478,0.6901475749953756,0.38029514999075126,1.0
2024-09-22 16:42:49.294,2024-09-22 16:42:49.336,0.048,0.851,squirrel monkey,0.11475255340337753,0.5674221817881184,0.13484436357623683,1.0
2024-09-22 16:42:49.361,2024-09-22 16:42:49.402,0.051,0.849,Egyptian cat,0.1876196265220642,0.6104944796949731,0.22098895938994606,1.0
2024-09-22 16:42:49.419,2024-09-22 16:42:49.480,0.049,0.85,hamster,0.37522217631340027,0.6165441825100759,0.44143785448635325,0.7916505105337986
2024-09-22 16:42:49.531,2024-09-22 16:42:49.720,0.051,0.849,tabby,0.40758174657821655,0.37515861018881924,0.4800727285962504,0.2702444917813881
2024-09-22 16:42:49.744,2024-09-22 16:42:49.804,0.05,0.851,lynx,0.8254984617233276,0.9009831789815944,0.9700334450332875,0.8319329129299013
2024-09-22 16:42:49.819,2024-09-22 16:42:49.854,0.05,0.851,EntleBucher,0.14306600391864777,0.5840575816208271,0.16811516324165426,1.0
2024-09-22 16:42:49.873,2024-09-22 16:42:49.921,0.051,0.851,Persian cat,0.19733744859695435,0.615944446884227,0.231888893768454,1.0
2024-09-22 16:42:49.945,2024-09-22 16:42:49.992,0.051,0.849,tabby,0.459939569234848,0.7708713599734087,0.5417427199468174,1.0
2024-09-22 16:42:50.013,2024-09-22 16:42:50.064,0.052,0.85,schipperke,0.2093387395143509,0.6231404350084417,0.2462808700168834,1.0
2024-09-22 16:42:50.085,2024-09-22 16:42:50.413,0.05,0.851,Egyptian cat,0.4609406888484955,0.3469679586694125,0.5416459328419454,0.1522899844968796
2024-09-22 16:42:50.456,2024-09-22 16:42:50.579,0.049,0.849,tabby,0.49995720386505127,0.4947872323574971,0.588877743068376,0.4006967216466182
2024-09-22 16:42:50.594,2024-09-22 16:42:50.647,0.049,0.85,lynx,0.5153667330741882,0.7672599516283878,0.6063138036166921,0.9282060996400835
2024-09-22 16:42:50.729,2024-09-22 16:42:50.771,0.05,0.851,dishwasher,0.17659644782543182,0.6037581949620634,0.20751638992412672,1.0
2024-09-22 16:42:50.789,2024-09-22 16:42:50.834,0.05,0.851,Persian cat,0.4290579855442047,0.7520904732927172,0.5041809465854344,1.0
2024-09-22 16:42:50.855,2024-09-22 16:42:50.903,0.052,0.85,tabby,0.3122279942035675,0.6836635260020986,0.3673270520041971,1.0
2024-09-22 16:42:50.918,2024-09-22 16:42:50.966,0.05,0.85,tabby,0.5965788960456848,0.8509287623798146,0.7018575247596293,1.0
2024-09-22 16:42:50.984,2024-09-22 16:42:51.021,0.05,0.852,Persian cat,0.9895744919776917,1.0,1.0,1.0
2024-09-22 16:42:51.037,2024-09-22 16:42:51.359,0.051,0.85,Persian cat,0.6509082317352295,0.46191358995423876,0.7657743902767405,0.158052789631737
2024-09-22 16:42:51.388,2024-09-22 16:42:51.569,0.051,0.852,Persian cat,0.980043888092041,0.6408551842993421,1.0,0.2817103685986842
2024-09-22 16:42:51.597,2024-09-22 16:42:51.692,0.049,0.849,tabby,0.7412654161453247,0.6951518322118778,0.8731041415139278,0.5171995229098278
2024-09-22 16:42:51.712,2024-09-22 16:42:51.759,0.051,0.851,weasel,0.20402762293815613,0.6198752191176006,0.2397504382352011,1.0
2024-09-22 16:42:51.776,2024-09-22 16:42:51.818,0.05,0.849,Bedlington terrier,0.2438349574804306,0.6436012706009603,0.2872025412019206,1.0
2024-09-22 16:42:51.841,2024-09-22 16:42:51.880,0.051,0.85,Pekinese,0.31691667437553406,0.6864215731620789,0.3728431463241577,1.0
2024-09-22 16:42:51.903,2024-09-22 16:42:52.378,0.049,0.85,Persian cat,0.735397458076477,0.4841647101466056,0.865173480089973,0.10315594020323826
2024-09-22 16:42:52.444,2024-09-22 16:42:52.637,0.05,0.85,tabby,0.6602086424827576,0.517915869976487,0.7767160499797148,0.2591156899732593
2024-09-22 16:42:52.660,2024-09-22 16:42:52.731,0.05,0.851,Border collie,0.6971909403800964,0.7613467756677508,0.8192607995065764,0.7034327518289252
2024-09-22 16:42:52.750,2024-09-22 16:42:52.790,0.05,0.851,tabby,0.7985748052597046,0.9691978879316714,0.9383957758633427,1.0
2024-09-22 16:42:52.811,2024-09-22 16:42:52.860,0.049,0.85,Egyptian cat,0.7065408825874329,0.9156122838749605,0.831224567749921,1.0
2024-09-22 16:42:52.878,2024-09-22 16:42:52.927,0.05,0.85,weasel,0.19448643922805786,0.6144037877812105,0.228807575562421,1.0
2024-09-22 16:42:52.943,2024-09-22 16:42:52.984,0.048,0.849,Egyptian cat,0.5045860409736633,0.7971649240127582,0.5943298480255164,1.0
2024-09-22 16:42:53.004,2024-09-22 16:42:53.044,0.048,0.849,Norwegian elkhound,0.3102525472640991,0.6827164589305649,0.3654329178611297,1.0
2024-09-22 16:42:53.063,2024-09-22 16:42:53.103,0.049,0.85,Pembroke,0.18111374974250793,0.6065374998485341,0.21307499969706817,1.0
2024-09-22 16:42:53.118,2024-09-22 16:42:53.162,0.048,0.849,schipperke,0.39129438996315,0.7304442814859541,0.46088856297190817,1.0
2024-09-22 16:42:53.186,2024-09-22 16:42:53.258,0.051,0.851,Egyptian cat,0.3996644616127014,0.5890117460158395,0.46964096546733425,0.7083825265643446
2024-09-22 16:42:53.279,2024-09-22 16:42:53.326,0.051,0.85,breastplate,0.19751238822937012,0.6161837577819824,0.23236751556396484,1.0
2024-09-22 16:42:53.344,2024-09-22 16:42:53.388,0.052,0.849,lynx,0.5405744910240173,0.8183595353498335,0.636719070699667,1.0
2024-09-22 16:42:53.405,2024-09-22 16:42:53.448,0.052,0.851,tabby,0.22480838000774384,0.6320848296167707,0.2641696592335415,1.0
2024-09-22 16:42:53.467,2024-09-22 16:42:53.522,0.05,0.849,Persian cat,0.9962548017501831,0.9503855300136917,1.0,0.9007710600273835
2024-09-22 16:42:53.543,2024-09-22 16:42:53.587,0.049,0.85,Persian cat,0.07004350423812866,0.5412020613165462,0.08240412263309255,1.0
2024-09-22 16:42:53.608,2024-09-22 16:42:53.638,0.051,0.85,Siamese cat,0.5495926141738892,0.8232897730434643,0.6465795460869285,1.0
2024-09-22 16:42:53.677,2024-09-22 16:42:53.717,0.05,0.849,Egyptian cat,0.6953295469284058,0.9094991442452331,0.8189982884904662,1.0
2024-09-22 16:42:53.736,2024-09-22 16:42:53.772,0.052,0.85,Persian cat,0.972453773021698,1.0,1.0,1.0
2024-09-22 16:42:53.796,2024-09-22 16:42:53.848,0.05,0.851,Persian cat,0.5034289956092834,0.7761587190012329,0.5915734378487467,0.9607440001537191
2024-09-22 16:42:53.866,2024-09-22 16:42:53.907,0.047,0.851,Siamese cat,0.24776045978069305,0.6455701878852486,0.2911403757704971,1.0
2024-09-22 16:42:53.926,2024-09-22 16:42:54.064,0.051,0.85,Cardigan,0.27430376410484314,0.3459919277601953,0.3227103107115802,0.36927354480881036
2024-09-22 16:42:54.091,2024-09-22 16:42:54.130,0.05,0.848,tabby,0.8436105847358704,0.9974119013772821,0.9948238027545642,1.0
2024-09-22 16:42:54.151,2024-09-22 16:42:54.191,0.051,0.85,tabby,0.42142221331596375,0.7478954195976257,0.49579083919525146,1.0
2024-09-22 16:42:54.211,2024-09-22 16:42:54.263,0.05,0.85,tabby,0.4774535596370697,0.7573722659436973,0.5617100701612585,0.9530344617261362
2024-09-22 16:42:54.283,2024-09-22 16:42:54.327,0.05,0.849,papillon,0.27320989966392517,0.6609010009799323,0.32180200195986475,1.0
2024-09-22 16:42:54.345,2024-09-22 16:42:54.397,0.048,0.85,schipperke,0.4019858241081238,0.6963909605251541,0.47292449895073385,0.9198574220995746
2024-09-22 16:42:54.421,2024-09-22 16:42:54.463,0.051,0.851,Kerry blue terrier,0.1487172245979309,0.5873779227954941,0.17475584559098814,1.0
2024-09-22 16:42:54.488,2024-09-22 16:42:54.537,0.05,0.85,tabby,0.2817615270614624,0.6657420747420367,0.3314841494840734,1.0
2024-09-22 16:42:54.565,2024-09-22 16:42:54.602,0.05,0.85,Egyptian cat,0.5152490139007568,0.8030876552357393,0.6061753104714787,1.0
2024-09-22 16:42:54.623,2024-09-22 16:42:54.665,0.048,0.85,Persian cat,0.7841958999633789,0.9612917058608111,0.9225834117216223,1.0
2024-09-22 16:42:54.687,2024-09-22 16:42:54.720,0.051,0.851,Pomeranian,0.38809043169021606,0.7280202301352621,0.4560404602705242,1.0
2024-09-22 16:42:54.747,2024-09-22 16:42:54.970,0.048,0.851,skunk,0.41270121932029724,0.35000269849599425,0.4849603047242036,0.21504509226778493
2024-09-22 16:42:55.018,2024-09-22 16:42:55.096,0.049,0.849,tabby,0.2756076157093048,0.476520383325786,0.3246261669131977,0.6284145997383743
2024-09-22 16:42:55.123,2024-09-22 16:42:55.378,0.05,0.85,tabby,0.3473730981349945,0.3022419530489198,0.40867423309999357,0.1958096729978461
2024-09-22 16:42:55.401,2024-09-22 16:42:55.495,0.049,0.85,schipperke,0.4566890001296997,0.5275710469884005,0.5372811766231761,0.517860917353625
2024-09-22 16:42:55.547,2024-09-22 16:42:56.187,0.05,0.85,Persian cat,0.8056869506835938,0.5130132199035192,0.9478670008042279,0.07815943900281061
2024-09-22 16:42:56.222,2024-09-22 16:42:56.292,0.051,0.85,tabby,0.5128889083862305,0.6661100129559956,0.6033987157485065,0.7288213101634846
2024-09-22 16:42:56.322,2024-09-22 16:42:56.360,0.048,0.849,Japanese spaniel,0.4255913496017456,0.7506427265027948,0.5012854530055897,1.0
2024-09-22 16:42:56.376,2024-09-22 16:42:56.412,0.05,0.85,tabby,0.6310855150222778,0.8712267735425163,0.7424535470850328,1.0
2024-09-22 16:42:56.436,2024-09-22 16:42:56.470,0.049,0.849,tabby,0.24184919893741608,0.6424318014943557,0.28486360298871155,1.0
2024-09-22 16:42:56.488,2024-09-22 16:42:56.520,0.052,0.85,malamute,0.38328349590301514,0.72546087994295,0.45092175988590016,1.0
2024-09-22 16:42:56.538,2024-09-22 16:42:56.577,0.048,0.85,tabby,0.17745453119277954,0.6043850183486938,0.2087700366973877,1.0
2024-09-22 16:42:56.596,2024-09-22 16:42:56.637,0.05,0.85,Persian cat,0.07947857677936554,0.5467521039878621,0.09350420797572416,1.0
2024-09-22 16:42:56.655,2024-09-22 16:42:56.689,0.048,0.85,tabby,0.3721655011177063,0.7189208830104155,0.43784176602083097,1.0
2024-09-22 16:42:56.703,2024-09-22 16:42:56.744,0.051,0.849,tabby,0.5600282549858093,0.8298164045852823,0.6596328091705645,1.0
2024-09-22 16:42:56.757,2024-09-22 16:42:56.804,0.052,0.85,Persian cat,0.6906847953796387,0.9062851737527287,0.8125703475054573,1.0
2024-09-22 16:42:56.827,2024-09-22 16:42:56.862,0.051,0.852,kelpie,0.2747085988521576,0.6612139664625338,0.3224279329250676,1.0
2024-09-22 16:42:56.882,2024-09-22 16:42:56.924,0.05,0.849,Pembroke,0.5653672814369202,0.8329607075600236,0.6659214151200473,1.0
2024-09-22 16:42:56.943,2024-09-22 16:42:56.978,0.05,0.852,hamster,0.24732016026973724,0.6451409391254327,0.2902818782508653,1.0
2024-09-22 16:42:56.994,2024-09-22 16:42:57.033,0.049,0.85,Persian cat,0.8843331933021545,1.0,1.0,1.0
2024-09-22 16:42:57.052,2024-09-22 16:42:57.169,0.048,0.848,tabby,0.2075313925743103,0.3269984454394058,0.24473041577159235,0.4092664751072193
